"Search on ""halfway"" down file for actual data to use",,,,,,,,
,,,,,,,,
,,,,,,,,
,,,,,,,,
,,,,,,,,
,,,,,,,,
,,,,,,,,
,,,,,,,,
,,,,,,Angle,x,y
720,1,90,,0,,0,720,1
746,2,86.87,,3.13,,3.13,746,2
759,3,85.3,,4.7,,4.7,759,3
770,4,83.97,,6.03,,6.03,770,4
777,5,83.11,,6.89,,6.89,777,5
785,6,82.14,,7.86,,7.86,785,6
792,7,81.29,,8.70999999999999,,8.70999999999999,792,7
797,8,80.68,,9.31999999999999,,9.31999999999999,797,8
803,9,79.94,,10.06,,10.06,803,9
808,10,79.33,,10.67,,10.67,808,10
813,11,78.81,,11.19,,11.19,813,11
818,12,78.1,,11.9,,11.9,818,12
823,13,77.48,,12.52,,12.52,823,13
827,14,76.99,,13.01,,13.01,827,14
831,15,76.49,,13.51,,13.51,831,15
835,16,75.99,,14.01,,14.01,835,16
839,17,75.5,,14.5,,14.5,839,17
843,18,75,,15,,15,843,18
846,19,74.62,,15.38,,15.38,846,19
850,20,74.12,,15.88,,15.88,850,20
854,21,73.62,,16.38,,16.38,854,21
857,22,73.24,,16.76,,16.76,857,22
860,23,72.86,,17.14,,17.14,860,23
863,24,72.48,,17.52,,17.52,863,24
867,25,71.98,,18.02,,18.02,867,25
870,26,71.6,,18.4,,18.4,870,26
873,27,71.22,,18.78,,18.78,873,27
876,28,70.84,,19.16,,19.16,876,28
879,29,70.46,,19.54,,19.54,879,29
882,30,70.08,,19.92,,19.92,882,30
885,31,69.7,,20.3,,20.3,885,31
887,32,69.43,,20.57,,20.57,887,32
890,33,69.05,,20.95,,20.95,890,33
893,34,68.67,,21.33,,21.33,893,34
895,35,68.4,,21.6,,21.6,895,35
898,36,68.02,,21.98,,21.98,898,36
900,37,67.75,,22.25,,22.25,900,37
903,38,67.37,,22.63,,22.63,903,38
905,39,67.1,,22.9,,22.9,905,39
908,40,66.72,,23.28,,23.28,908,40
910,41,66.45,,23.55,,23.55,910,41
913,42,66.07,,23.93,,23.93,913,42
915,43,65.81,,24.19,,24.19,915,43
917,44,65.54,,24.46,,24.46,917,44
919,45,65.27,,24.73,,24.73,919,45
922,46,64.89,,25.11,,25.11,922,46
924,47,64.62,,25.38,,25.38,924,47
926,48,64.35,,25.65,,25.65,926,48
928,49,64.08,,25.92,,25.92,928,49
930,50,63.81,,26.19,,26.19,930,50
933,51,63.43,,26.57,,26.57,933,51
935,52,63.17,,26.83,,26.83,935,52
937,53,62.9,,27.1,,27.1,937,53
939,54,62.63,,27.37,,27.37,939,54
941,55,62.36,,27.64,,27.64,941,55
943,56,62.09,,27.91,,27.91,943,56
945,57,61.82,,28.18,,28.18,945,57
947,58,61.55,,28.45,,28.45,947,58
949,59,61.28,,28.72,,28.72,949,59
951,60,61.02,,28.98,,28.98,951,60
953,61,60.75,,29.25,,29.25,953,61
955,62,60.48,,29.52,,29.52,955,62
57,63,60.21,,29.79,,29.79,57,63
958,64,60.05,,29.95,,29.95,958,64
960,65,59.78,,30.22,,30.22,960,65
962,66,59.51,,30.49,,30.49,962,66
964,67,59.24,,30.76,,30.76,964,67
966,68,58.97,,31.03,,31.03,966,68
968,69,58.71,,31.29,,31.29,968,69
970,70,58.44,,31.56,,31.56,970,70
971,70,58.27,,31.73,,31.73,971,70
973,72,58.01,,31.99,,31.99,973,72
975,73,57.74,,32.26,,32.26,975,73
977,74,57.47,,32.53,,32.53,977,74
978,75,57.31,,32.69,,32.69,978,75
980,76,57.04,,32.96,,32.96,980,76
982,77,56.78,,33.22,,33.22,982,77
983,78,56.61,,33.39,,33.39,983,78
985,79,56.34,,33.66,,33.66,985,79
987,80,56.08,,33.92,,33.92,987,80
989,81,55.81,,34.19,,34.19,989,81
990,82,55.65,,34.35,,34.35,990,82
992,83,55.38,,34.62,,34.62,992,83
993,84,55.21,,34.79,,34.79,993,84
995,85,54.95,,35.05,,35.05,995,85
996,86,54.78,,35.22,,35.22,996,86
998,87,54.52,,35.48,,35.48,998,87
1000,88,54.25,,35.75,,35.75,1000,88
1001,89,54.09,,35.91,,35.91,1001,89
1003,90,53.82,,36.18,,36.18,1003,90
1004,91,53.66,,36.34,,36.34,1004,91
1006,92,53.39,,36.61,,36.61,1006,92
1007,93,53.23,,36.77,,36.77,1007,93
1009,94,52.96,,37.04,,37.04,1009,94
1010,95,52.8,,37.2,,37.2,1010,95
1012,96,52.53,,37.47,,37.47,1012,96
1013,97,52.37,,37.63,,37.63,1013,97
1015,98,52.1,,37.9,,37.9,1015,98
1016,99,51.94,,38.06,,38.06,1016,99
1018,100,51.68,,38.32,,38.32,1018,100
1019,101,51.51,,38.49,,38.49,1019,101
1021,102,51.25,,38.75,,38.75,1021,102
1022,103,51.08,,38.92,,38.92,1022,103
1024,104,50.82,,39.18,,39.18,1024,104
1025,105,50.65,,39.35,,39.35,1025,105
1026,106,50.48,,39.52,,39.52,1026,106
1028,107,50.22,,39.78,,39.78,1028,107
1029,108,50.06,,39.94,,39.94,1029,108
1030,109,49.89,,40.11,,40.11,1030,109
1032,110,49.63,,40.37,,40.37,1032,110
1033,111,49.46,,40.54,,40.54,1033,111
1034,112,49.3,,40.7,,40.7,1034,112
1036,113,49.04,,40.96,,40.96,1036,113
1037,114,48.87,,41.13,,41.13,1037,114
1039,115,48.61,,41.39,,41.39,1039,115
1040,116,48.45,,41.55,,41.55,1040,116
1041,117,48.28,,41.72,,41.72,1041,117
1043,118,48.02,,41.98,,41.98,1043,118
1044,119,47.85,,42.15,,42.15,1044,119
1045,120,47.69,,42.31,,42.31,1045,120
1047,121,47.43,,42.57,,42.57,1047,121
1048,122,47.26,,42.74,,42.74,1048,122
1049,123,47.1,,42.9,,42.9,1049,123
1051,124,46.84,,43.16,,43.16,1051,124
1052,125,46.67,,43.33,,43.33,1052,125
1053,126,46.51,,43.49,,43.49,1053,126
1054,127,46.34,,43.66,,43.66,1054,127
1056,128,46.09,,43.91,,43.91,1056,128
1057,129,45.92,,44.08,,44.08,1057,129
1058,130,45.75,,44.25,,44.25,1058,130
1059,131,45.59,,44.41,,44.41,1059,131
1061,132,45.33,,44.67,,44.67,1061,132
1062,133,45.17,,44.83,,44.83,1062,133
1063,134,45,,45,,45,1063,134
1064,135,44.83,,45.17,,45.17,1064,135
1065,136,44.67,,45.33,,45.33,1065,136
1067,137,44.42,,45.58,,45.58,1067,137
1068,138,44.25,,45.75,,45.75,1068,138
1069,139,44.08,,45.92,,45.92,1069,139
1070,140,43.92,,46.08,,46.08,1070,140
1072,141,43.67,,46.33,,46.33,1072,141
1073,142,43.5,,46.5,,46.5,1073,142
1074,143,43.33,,46.67,,46.67,1074,143
1075,144,43.17,,46.83,,46.83,1075,144
1076,145,43,,47,,47,1076,145
1077,146,42.84,,47.16,,47.16,1077,146
1079,147,42.59,,47.41,,47.41,1079,147
1080,148,42.42,,47.58,,47.58,1080,148
1081,149,42.26,,47.74,,47.74,1081,149
1082,150,42.09,,47.91,,47.91,1082,150
1083,151,41.93,,48.07,,48.07,1083,151
1084,152,41.76,,48.24,,48.24,1084,152
1085,153,41.59,,48.41,,48.41,1085,153
1086,154,41.43,,48.57,,48.57,1086,154
1087,155,41.26,,48.74,,48.74,1087,155
1089,156,41.02,,48.98,,48.98,1089,156
1090,157,40.86,,49.14,,49.14,1090,157
1091,158,40.69,,49.31,,49.31,1091,158
1092,159,40.53,,49.47,,49.47,1092,159
1093,160,40.36,,49.64,,49.64,1093,160
1094,161,40.2,,49.8,,49.8,1094,161
1095,162,40.03,,49.97,,49.97,1095,162
1096,163,39.87,,50.13,,50.13,1096,163
1098,164,39.63,,50.37,,50.37,1098,164
1099,165,39.46,,50.54,,50.54,1099,165
1100,166,39.3,,50.7,,50.7,1100,166
1101,167,39.13,,50.87,,50.87,1101,167
1102,168,38.97,,51.03,,51.03,1102,168
1103,169,38.81,,51.19,,51.19,1103,169
1104,170,38.64,,51.36,,51.36,1104,170
1105,171,38.48,,51.52,,51.52,1105,171
1106,172,38.31,,51.69,,51.69,1106,172
1107,173,38.15,,51.85,,51.85,1107,173
1108,174,37.99,,52.01,,52.01,1108,174
1109,175,37.82,,52.18,,52.18,1109,175
1110,176,37.66,,52.34,,52.34,1110,176
1111,177,37.5,,52.5,,52.5,1111,177
1112,178,37.33,,52.67,,52.67,1112,178
1113,179,37.17,,52.83,,52.83,1113,179
1114,180,37.01,,52.99,,52.99,1114,180
1115,181,36.85,,53.15,,53.15,1115,181
1116,182,36.68,,53.32,,53.32,1116,182
1117,183,36.52,,53.48,,53.48,1117,183
1118,184,36.36,,53.64,,53.64,1118,184
1119,185,36.2,,53.8,,53.8,1119,185
1120,186,36.04,,53.96,,53.96,1120,186
1121,187,35.87,,54.13,,54.13,1121,187
1122,188,35.71,,54.29,,54.29,1122,188
1123,189,35.55,,54.45,,54.45,1123,189
1124,190,35.39,,54.61,,54.61,1124,190
1125,191,35.23,,54.77,,54.77,1125,191
1126,192,35.07,,54.93,,54.93,1126,192
1127,193,34.91,,55.09,,55.09,1127,193
1128,194,34.75,,55.25,,55.25,1128,194
1129,195,34.59,,55.41,,55.41,1129,195
1130,196,34.43,,55.57,,55.57,1130,196
1131,197,34.27,,55.73,,55.73,1131,197
1132,198,34.11,,55.89,,55.89,1132,198
1133,199,33.95,,56.05,,56.05,1133,199
1134,200,33.79,,56.21,,56.21,1134,200
1135,201,33.63,,56.37,,56.37,1135,201
1136,202,33.47,,56.53,,56.53,1136,202
1137,203,33.31,,56.69,,56.69,1137,203
1138,204,33.15,,56.85,,56.85,1138,204
1139,205,32.99,,57.01,,57.01,1139,205
1139,206,32.89,,57.11,,57.11,1139,206
1140,207,32.74,,57.26,,57.26,1140,207
1141,208,32.58,,57.42,,57.42,1141,208
1142,209,32.42,,57.58,,57.58,1142,209
1143,210,32.26,,57.74,,57.74,1143,210
1144,211,32.1,,57.9,,57.9,1144,211
1145,212,31.94,,58.06,,58.06,1145,212
1146,213,31.79,,58.21,,58.21,1146,213
1147,214,31.63,,58.37,,58.37,1147,214
1148,215,31.47,,58.53,,58.53,1148,215
1149,216,31.32,,58.68,,58.68,1149,216
1150,218,31.06,,58.94,,58.94,1150,218
1151,219,30.91,,59.09,,59.09,1151,219
1152,220,30.75,,59.25,,59.25,1152,220
1153,221,30.59,,59.41,,59.41,1153,221
1154,222,30.44,,59.56,,59.56,1154,222
1155,223,30.28,,59.72,,59.72,1155,223
1156,224,30.13,,59.87,,59.87,1156,224
1156,225,30.03,,59.97,,59.97,1156,225
1157,226,29.87,,60.13,,60.13,1157,226
1158,227,29.72,,60.28,,60.28,1158,227
1159,228,29.56,,60.44,,60.44,1159,228
1160,229,29.41,,60.59,,60.59,1160,229
1161,230,29.25,,60.75,,60.75,1161,230
1162,231,29.1,,60.9,,60.9,1162,231
1162,232,29,,61,,61,1162,232
1163,233,28.85,,61.15,,61.15,1163,233
1164,234,28.69,,61.31,,61.31,1164,234
1165,235,28.54,,61.46,,61.46,1165,235
1166,236,28.38,,61.62,,61.62,1166,236
1166,237,28.29,,61.71,,61.71,1166,237
1167,238,28.13,,61.87,,61.87,1167,238
1168,239,27.98,,62.02,,62.02,1168,239
1169,240,27.83,,62.17,,62.17,1169,240
1170,241,27.67,,62.33,,62.33,1170,241
1171,242,27.52,,62.48,,62.48,1171,242
1171,243,27.42,,62.58,,62.58,1171,243
1172,244,27.27,,62.73,,62.73,1172,244
1173,245,27.12,,62.88,,62.88,1173,245
1174,246,26.97,,63.03,,63.03,1174,246
1175,247,26.82,,63.18,,63.18,1175,247
1176,248,26.67,,63.33,,63.33,1176,248
1176,249,26.57,,63.43,,63.43,1176,249
1177,250,26.41,,63.59,,63.59,1177,250
1178,251,26.26,,63.74,,63.74,1178,251
1179,252,26.11,,63.89,,63.89,1179,252
1180,253,25.96,,64.04,,64.04,1180,253
1180,254,25.86,,64.14,,64.14,1180,254
1181,255,25.71,,64.29,,64.29,1181,255
1182,256,25.56,,64.44,,64.44,1182,256
1183,257,25.42,,64.58,,64.58,1183,257
1184,258,25.27,,64.73,,64.73,1184,258
1184,259,25.17,,64.83,,64.83,1184,259
1185,260,25.02,,64.98,,64.98,1185,260
1186,261,24.87,,65.13,,65.13,1186,261
1187,262,24.72,,65.28,,65.28,1187,262
1187,263,24.62,,65.38,,65.38,1187,263
1188,264,24.47,,65.53,,65.53,1188,264
1189,265,24.32,,65.68,,65.68,1189,265
1190,266,24.18,,65.82,,65.82,1190,266
1191,267,24.03,,65.97,,65.97,1191,267
1191,268,23.93,,66.07,,66.07,1191,268
1192,269,23.78,,66.22,,66.22,1192,269
1193,270,23.64,,66.36,,66.36,1193,270
1194,271,23.49,,66.51,,66.51,1194,271
1194,272,23.39,,66.61,,66.61,1194,272
1195,273,23.24,,66.76,,66.76,1195,273
1196,274,23.1,,66.9,,66.9,1196,274
1197,275,22.95,,67.05,,67.05,1197,275
1197,276,22.85,,67.15,,67.15,1197,276
1198,277,22.7,,67.3,,67.3,1198,277
1199,278,22.56,,67.44,,67.44,1199,278
1199,279,22.46,,67.54,,67.54,1199,279
1200,280,22.31,,67.69,,67.69,1200,280
1201,281,22.17,,67.83,,67.83,1201,281
1202,282,22.03,,67.97,,67.97,1202,282
1203,283,21.88,,68.12,,68.12,1203,283
1203,284,21.78,,68.22,,68.22,1203,284
1204,285,21.64,,68.36,,68.36,1204,285
1205,286,21.5,,68.5,,68.5,1205,286
1205,287,21.39,,68.61,,68.61,1205,287
1206,288,21.25,,68.75,,68.75,1206,288
1207,289,21.11,,68.89,,68.89,1207,289
1207,290,21.01,,68.99,,68.99,1207,290
1208,291,20.86,,69.14,,69.14,1208,291
1209,292,20.72,,69.28,,69.28,1209,292
1209,293,20.62,,69.38,,69.38,1209,293
1210,294,20.48,,69.52,,69.52,1210,294
1211,295,20.34,,69.66,,69.66,1211,295
1212,296,20.2,,69.8,,69.8,1212,296
1213,297,20.06,,69.94,,69.94,1213,297
1213,298,19.96,,70.04,,70.04,1213,298
1214,299,19.82,,70.18,,70.18,1214,299
1215,300,19.68,,70.32,,70.32,1215,300
1215,301,19.57,,70.43,,70.43,1215,301
1216,302,19.43,,70.57,,70.57,1216,302
1217,303,19.3,,70.7,,70.7,1217,303
1217,304,19.19,,70.81,,70.81,1217,304
1218,305,19.05,,70.95,,70.95,1218,305
1219,306,18.92,,71.08,,71.08,1219,306
1219,307,18.81,,71.19,,71.19,1219,307
1220,308,18.68,,71.32,,71.32,1220,308
1221,309,18.54,,71.46,,71.46,1221,309
1221,310,18.43,,71.57,,71.57,1221,310
1222,311,18.3,,71.7,,71.7,1222,311
1223,312,18.16,,71.84,,71.84,1223,312
1223,313,18.06,,71.94,,71.94,1223,313
1224,314,17.92,,72.08,,72.08,1224,314
1225,315,17.79,,72.21,,72.21,1225,315
1226,316,17.65,,72.35,,72.35,1226,316
1226,317,17.55,,72.45,,72.45,1226,317
1227,318,17.41,,72.59,,72.59,1227,318
1227,319,17.31,,72.69,,72.69,1227,319
1228,320,17.17,,72.83,,72.83,1228,320
1229,321,17.04,,72.96,,72.96,1229,321
1229,322,16.94,,73.06,,73.06,1229,322
1230,323,16.8,,73.2,,73.2,1230,323
1231,324,16.67,,73.33,,73.33,1231,324
1231,325,16.57,,73.43,,73.43,1231,325
1232,326,16.43,,73.57,,73.57,1232,326
1233,327,16.3,,73.7,,73.7,1233,327
1233,328,16.2,,73.8,,73.8,1233,328
1234,329,16.06,,73.94,,73.94,1234,329
1235,330,15.93,,74.07,,74.07,1235,330
1235,331,15.83,,74.17,,74.17,1235,331
1236,332,15.7,,74.3,,74.3,1236,332
1237,333,15.56,,74.44,,74.44,1237,333
1237,334,15.46,,74.54,,74.54,1237,334
1238,335,15.33,,74.67,,74.67,1238,335
1238,336,15.23,,74.77,,74.77,1238,336
1240,337,15.1,,74.9,,74.9,1240,337
1240,338,14.97,,75.03,,75.03,1240,338
1241,339,14.84,,75.16,,75.16,1241,339
1242,340,14.71,,75.29,,75.29,1242,340
1242,341,14.6,,75.4,,75.4,1242,341
1243,342,14.47,,75.53,,75.53,1243,342
1243,343,14.37,,75.63,,75.63,1243,343
1244,344,14.24,,75.76,,75.76,1244,344
1245,345,14.11,,75.89,,75.89,1245,345
1245,346,14.01,,75.99,,75.99,1245,346
1246,347,13.88,,76.12,,76.12,1246,347
1247,348,13.75,,76.25,,76.25,1247,348
1247,349,13.65,,76.35,,76.35,1247,349
1248,350,13.52,,76.48,,76.48,1248,350
1248,351,13.42,,76.58,,76.58,1248,351
1249,352,13.29,,76.71,,76.71,1249,352
1250,353,13.17,,76.83,,76.83,1250,353
1250,354,13.07,,76.93,,76.93,1250,354
1251,355,12.94,,77.06,,77.06,1251,355
1251,356,12.84,,77.16,,77.16,1251,356
1252,357,12.71,,77.29,,77.29,1252,357
1253,358,12.59,,77.41,,77.41,1253,358
1253,359,12.48,,77.52,,77.52,1253,359
1254,360,12.36,,77.64,,77.64,1254,360
1254,361,12.26,,77.74,,77.74,1254,361
1255,362,12.13,,77.87,,77.87,1255,362
1256,363,12.01,,77.99,,77.99,1256,363
1256,364,11.9,,78.1,,78.1,1256,364
1257,365,11.78,,78.22,,78.22,1257,365
1257,366,11.68,,78.32,,78.32,1257,366
1258,367,11.56,,78.44,,78.44,1258,367
1259,368,11.43,,78.57,,78.57,1259,368
1259,369,11.33,,78.67,,78.67,1259,369
1259,370,11.23,,78.77,,78.77,1259,370
1260,371,11.11,,78.89,,78.89,1260,371
1261,372,10.98,,79.02,,79.02,1261,372
1261,373,10.88,,79.12,,79.12,1261,373
1262,374,10.76,,79.24,,79.24,1262,374
1262,375,10.66,,79.34,,79.34,1262,375
1263,376,10.54,,79.46,,79.46,1263,376
1263,377,10.43,,79.57,,79.57,1263,377
1264,378,10.31,,79.69,,79.69,1264,378
1265,379,10.19,,79.81,,79.81,1265,379
1265,380,10.09,,79.91,,79.91,1265,380
1266,381,9.97,,80.03,,80.03,1266,381
1266,382,9.87,,80.13,,80.13,1266,382
1267,383,9.75,,80.25,,80.25,1267,383
1267,384,9.65,,80.35,,80.35,1267,384
1268,385,9.53,,80.47,,80.47,1268,385
1269,386,9.41,,80.59,,80.59,1269,386
1269,387,9.31,,80.69,,80.69,1269,387
1270,388,9.19,,80.81,,80.81,1270,388
1270,389,9.09,,80.91,,80.91,1270,389
1271,390,8.97,,81.03,,81.03,1271,390
1271,391,8.87,,81.13,,81.13,1271,391
1272,392,8.75,,81.25,,81.25,1272,392
1272,393,8.65,,81.35,,81.35,1272,393
1273,394,8.54,,81.46,,81.46,1273,394
1273,395,8.43,,81.57,,81.57,1273,395
1274,396,8.32,,81.68,,81.68,1274,396
1274,397,8.22,,81.78,,81.78,1274,397
1275,398,8.1,,81.9,,81.9,1275,398
1276,399,7.99,,82.01,,82.01,1276,399
1276,400,7.88,,82.12,,82.12,1276,400
1277,401,7.77,,82.23,,82.23,1277,401
1278,403,7.55,,82.45,,82.45,1278,403
1279,405,7.34,,82.66,,82.66,1279,405
1280,407,7.13,,82.87,,82.87,1280,407
1281,408,7.01,,82.99,,82.99,1281,408
1282,410,6.8,,83.2,,83.2,1282,410
1283,413,6.49,,83.51,,83.51,1283,413
1284,415,6.27,,83.73,,83.73,1284,415
1285,417,6.06,,83.94,,83.94,1285,417
1286,418,5.95,,84.05,,84.05,1286,418
1287,420,5.74,,84.26,,84.26,1287,420
1288,422,5.53,,84.47,,84.47,1288,422
1289,424,5.32,,84.68,,84.68,1289,424
1290,426,5.11,,84.89,,84.89,1290,426
1291,428,4.9,,85.1,,85.1,1291,428
1292,430,4.7,,85.3,,85.3,1292,430
1293,432,4.49,,85.51,,85.51,1293,432
1294,434,4.28,,85.72,,85.72,1294,434
1295,436,4.08,,85.92,,85.92,1295,436
1296,439,3.77,,86.23,,86.23,1296,439
1297,441,3.57,,86.43,,86.43,1297,441
1298,443,3.37,,86.63,,86.63,1298,443
1299,445,3.16,,86.84,,86.84,1299,445
1300,447,2.96,,87.04,,87.04,1300,447
1301,449,2.76,,87.24,,87.24,1301,449
1302,450,2.66,,87.34,,87.34,1302,450
1303,452,2.46,,87.54,,87.54,1303,452
1304,454,2.26,,87.74,,87.74,1304,454
1305,457,1.96,,88.04,,88.04,1305,457
1306,459,1.76,,88.24,,88.24,1306,459
1307,462,1.46,,88.54,,88.54,1307,462
1308,464,1.27,,88.73,,88.73,1308,464
1309,466,1.07,,88.93,,88.93,1309,466
1310,468,0.87,,89.13,,89.13,1310,468
1311,470,0.68,,89.32,,89.32,1311,470
1312,472,0.48,,89.52,,89.52,1312,472
1313,475,0.19,,89.81,,89.81,1313,475
1314,477,0,,90,,90,1314,477
1315,479,0.19,,90.19,,90.19,1315,479
1316,482,0.48,,90.48,,90.48,1316,482
1317,484,0.67,,90.67,,90.67,1317,484
1318,487,0.96,,90.96,,90.96,1318,487
1319,489,1.15,,91.15,,91.15,1319,489
1320,491,1.34,,91.34,,91.34,1320,491
1321,493,1.52,,91.52,,91.52,1321,493
1322,495,1.71,,91.71,,91.71,1322,495
1323,497,1.9,,91.9,,91.9,1323,497
1324,500,2.18,,92.18,,92.18,1324,500
1325,504,2.56,,92.56,,92.56,1325,504
1326,506,2.74,,92.74,,92.74,1326,506
1327,509,3.02,,93.02,,93.02,1327,509
1328,511,3.2,,93.2,,93.2,1328,511
1329,513,3.38,,93.38,,93.38,1329,513
1330,515,3.56,,93.56,,93.56,1330,515
1331,517,3.75,,93.75,,93.75,1331,517
1332,519,4.02,,94.02,,94.02,1332,519
1333,522,4.2,,94.2,,94.2,1333,522
1334,526,4.56,,94.56,,94.56,1334,526
1335,528,4.74,,94.74,,94.74,1335,528
1336,531,5.01,,95.01,,95.01,1336,531
1337,533,5.19,,95.19,,95.19,1337,533
1338,536,5.45,,95.45,,95.45,1338,536
1339,540,5.81,,95.81,,95.81,1339,540
1340,542,5.98,,95.98,,95.98,1340,542
1341,544,6.16,,96.16,,96.16,1341,544
1342,546,6.33,,96.33,,96.33,1342,546
1343,548,6.5,,96.5,,96.5,1343,548
1344,552,6.85,,96.85,,96.85,1344,552
1345,555,7.11,,97.11,,97.11,1345,555
1346,557,7.28,,97.28,,97.28,1346,557
1347,560,7.54,,97.54,,97.54,1347,560
1348,564,7.89,,97.89,,97.89,1348,564
1349,566,8.05,,98.05,,98.05,1349,566
1350,569,8.31,,98.31,,98.31,1350,569
1351,573,8.65,,98.65,,98.65,1351,573
1352,575,8.81,,98.81,,98.81,1352,575
1353,577,8.98,,98.98,,98.98,1353,577
1354,582,9.32,,99.32,,99.32,1354,582
1355,584,9.48,,99.48,,99.48,1355,584
1356,586,9.73,,99.73,,99.73,1356,586
1357,590,10.06,,100.06,,100.06,1357,590
1358,593,10.3,,100.3,,100.3,1358,593
1359,595,10.46,,100.46,,100.46,1359,595
1360,600,10.88,,100.88,,100.88,1360,600
1361,602,11.03,,101.03,,101.03,1361,602
1362,606,11.36,,101.36,,101.36,1362,606
1363,608,11.52,,101.52,,101.52,1363,608
1364,612,11.84,,101.84,,101.84,1364,612
1365,615,12.08,,102.08,,102.08,1365,615
1366,617,12.23,,102.23,,102.23,1366,617
1367,621,12.55,,102.55,,102.55,1367,621
1368,624,12.78,,102.78,,102.78,1368,624
1369,628,13.1,,103.1,,103.1,1369,628
1370,632,13.41,,103.41,,103.41,1370,632
1371,635,13.64,,103.64,,103.64,1371,635
1372,640,14.04,,104.04,,104.04,1372,640
1373,642,14.18,,104.18,,104.18,1373,642
1374,646,14.49,,104.49,,104.49,1374,646
1375,648,14.63,,104.63,,104.63,1375,648
1376,652,14.94,,104.94,,104.94,1376,652
1377,657,15.32,,105.32,,105.32,1377,657
1378,659,15.46,,105.46,,105.46,1378,659
1379,664,15.84,,105.84,,105.84,1379,664
1380,669,16.22,,106.22,,106.22,1380,669
1381,673,16.52,,106.52,,106.52,1381,673
1382,676,16.73,,106.73,,106.73,1382,676
1383,680,17.02,,107.02,,107.02,1383,680
1384,684,17.31,,107.31,,107.31,1384,684
1385,689,17.68,,107.68,,107.68,1385,689
1386,691,17.81,,107.81,,107.81,1386,691
1387,696,18.18,,108.18,,108.18,1387,696
1388,700,18.46,,108.46,,108.46,1388,700
1389,705,18.82,,108.82,,108.82,1389,705
1390,709,19.1,,109.1,,109.1,1390,709
1391,714,19.45,,109.45,,109.45,1391,714
1392,717,19.65,,109.65,,109.65,1392,717
1393,723,20.08,,110.08,,110.08,1393,723
1394,728,20.43,,110.43,,110.43,1394,728
1395,733,20.77,,110.77,,110.77,1395,733
1396,737,21.04,,111.04,,111.04,1396,737
1397,742,21.38,,111.38,,111.38,1397,742
1398,746,21.64,,111.64,,111.64,1398,746
1399,750,21.9,,111.9,,111.9,1399,750
1400,755,22.24,,112.24,,112.24,1400,755
1401,761,22.64,,112.64,,112.64,1401,761
1402,768,23.11,,113.11,,113.11,1402,768
1403,772,23.36,,113.36,,113.36,1403,772
1404,776,23.61,,113.61,,113.61,1404,776
1405,785,24.21,,114.21,,114.21,1405,785
1406,792,24.66,,114.66,,114.66,1406,792
1407,797,24.98,,114.98,,114.98,1407,797
1408,804,25.42,,115.42,,115.42,1408,804
1409,809,25.73,,115.73,,115.73,1409,809
1410,813,25.96,,115.96,,115.96,1410,813
1411,821,26.47,,116.47,,116.47,1411,821
1412,828,26.9,,116.9,,116.9,1412,828
1413,839,27.58,,117.58,,117.58,1413,839
1414,847,28.06,,118.06,,118.06,1414,847
1415,854,28.48,,118.48,,118.48,1415,854
1416,862,28.95,,118.95,,118.95,1416,862
1417,869,29.35,,119.35,,119.35,1417,869
1418,880,30,,120,,120,1418,880
1419,891,30.64,,120.64,,120.64,1419,891
1420,904,31.38,,121.38,,121.38,1420,904
1421,918,32.17,,122.17,,122.17,1421,918
1422,932,32.95,,122.95,,122.95,1422,932
1423,948,33.82,,123.82,,123.82,1423,948
1424,975,35.28,,125.28,,125.28,1424,975
1425,1053,39.25,,129.25,,129.25,1425,1053
1424,1082,40.67,,130.67,,130.67,1424,1082
1423,1095,41.32,,131.32,,131.32,1423,1095
1422,1108,41.95,,131.95,,131.95,1422,1108
1421,1122,42.62,,132.62,,132.62,1421,1122
1420,1140,43.4,,133.4,,133.4,1420,1140
1419,1152,44,,134,,134,1419,1152
1418,1163,44.5,,134.5,,134.5,1418,1163
1417,1175,45.04,,135.04,,135.04,1417,1175
1416,1182,45.37,,135.37,,135.37,1416,1182
1415,1190,45.73,,135.73,,135.73,1415,1190
1414,1200,46.13,,136.13,,136.13,1414,1200
1413,1207,46.49,,136.49,,136.49,1413,1207
1412,1216,46.88,,136.88,,136.88,1412,1216
1411,1221,47.12,,137.12,,137.12,1411,1221
1410,1229,47.46,,137.46,,137.46,1410,1229
1409,1234,47.69,,137.69,,137.69,1409,1234
1408,1240,47.96,,137.96,,137.96,1408,1240
1407,1245,48.19,,138.19,,138.19,1407,1245
1406,1251,48.45,,138.45,,138.45,1406,1251
1405,1256,48.67,,138.67,,138.67,1405,1256
1404,1262,48.93,,138.93,,138.93,1404,1262
1403,1268,49.19,,139.19,,139.19,1403,1268
1402,1275,49.48,,139.48,,139.48,1402,1275
1401,1282,49.77,,139.77,,139.77,1401,1282
1400,1298,49.99,,139.99,,139.99,1400,1298
1399,1293,50.24,,140.24,,140.24,1399,1293
1298,1299,50.48,,140.48,,140.48,1298,1299
1397,1304,50.7,,140.7,,140.7,1397,1304
1396,1307,50.84,,140.84,,140.84,1396,1307
1395,1312,51.05,,141.05,,141.05,1395,1312
1394,1317,51.26,,141.26,,141.26,1394,1317
1393,1321,51.43,,141.43,,141.43,1393,1321
1392,1326,51.64,,141.64,,141.64,1392,1326
1391,1330,51.81,,141.81,,141.81,1391,1330
1390,1334,51.98,,141.98,,141.98,1390,1334
1389,1339,52.18,,142.18,,142.18,1389,1339
1388,1343,52.35,,142.35,,142.35,1388,1343
1387,1348,52.56,,142.56,,142.56,1387,1348
1386,1341,52.69,,142.69,,142.69,1386,1341
1385,1356,52.89,,142.89,,142.89,1385,1356
1384,1359,53.03,,143.03,,143.03,1384,1359
1383,1365,53.25,,143.25,,143.25,1383,1365
1382,1368,53.39,,143.39,,143.39,1382,1368
1381,1374,53.61,,143.61,,143.61,1381,1374
1380,1377,53.75,,143.75,,143.75,1380,1377
1380,1382,53.94,,143.94,,143.94,1380,1382
1378,1385,54.07,,144.07,,144.07,1378,1385
1377,1388,54.2,,144.2,,144.2,1377,1388
1376,1393,54.39,,144.39,,144.39,1376,1393
1375,1395,54.52,,144.52,,144.52,1375,1395
1374,1398,54.62,,144.62,,144.62,1374,1398
1373,1403,54.81,,144.81,,144.81,1373,1403
1372,1407,54.97,,144.97,,144.97,1372,1407
1371,1410,55.09,,145.09,,145.09,1371,1410
1370,1413,55.22,,145.22,,145.22,1370,1413
1369,1417,55.38,,145.38,,145.38,1369,1417
1368,1420,55.5,,145.5,,145.5,1368,1420
1367,1424,55.66,,145.66,,145.66,1367,1424
1366,1426,55.76,,145.76,,145.76,1366,1426
1365,1430,55.91,,145.91,,145.91,1365,1430
1364,1434,56.06,,146.06,,146.06,1364,1434
1363,1436,56.16,,146.16,,146.16,1363,1436
1362,1439,56.28,,146.28,,146.28,1362,1439
1361,1441,56.38,,146.38,,146.38,1361,1441
1360,1446,56.56,,146.56,,146.56,1360,1446
1359,1451,56.73,,146.73,,146.73,1359,1451
1358,1453,56.83,,146.83,,146.83,1358,1453
1357,1456,56.92,,146.92,,146.92,1357,1456
1356,1458,57.04,,147.04,,147.04,1356,1458
1355,1461,57.16,,147.16,,147.16,1355,1461
1354,1463,57.26,,147.26,,147.26,1354,1463
1353,1468,57.43,,147.43,,147.43,1353,1468
1352,1471,57.55,,147.55,,147.55,1352,1471
1351,1474,57.67,,147.67,,147.67,1351,1474
1350,1476,57.76,,147.76,,147.76,1350,1476
1349,1479,57.88,,147.88,,147.88,1349,1479
1340,1502,58.83,,148.83,,148.83,1340,1502
1339,1507,59,,149,,149,1339,1507
1338,1511,59.13,,149.13,,149.13,1338,1511
1329,1534,60.05,,150.05,,150.05,1329,1534
1328,1535,60.12,,150.12,,150.12,1328,1535
1311,1575,61.71,,151.71,,151.71,1311,1575
1310,1576,61.77,,151.77,,151.77,1310,1576
1301,1596,62.56,,152.56,,152.56,1301,1596
1300,1597,62.62,,152.62,,152.62,1300,1597
1294,1611,63.15,,153.15,,153.15,1294,1611
1293,1611,63.19,,153.19,,153.19,1293,1611
1286,1625,63.72,,153.72,,153.72,1286,1625
1281,1637,64.19,,154.19,,154.19,1281,1637
1275,1647,64.62,,154.62,,154.62,1275,1647
1270,1657,65.01,,155.01,,155.01,1270,1657
1264,1666,65.43,,155.43,,155.43,1264,1666
1260,1675,65.74,,155.74,,155.74,1260,1675
1255,1683,66.08,,156.08,,156.08,1255,1683
1251,1690,66.36,,156.36,,156.36,1251,1690
1246,1698,66.69,,156.69,,156.69,1246,1698
1242,1703,66.94,,156.94,,156.94,1242,1703
1237,1711,67.27,,157.27,,157.27,1237,1711
1234,1716,67.47,,157.47,,157.47,1234,1716
1230,1722,67.71,,157.71,,157.71,1230,1722
1225,1729,68.03,,158.03,,158.03,1225,1729
1222,1734,68.23,,158.23,,158.23,1222,1734
1218,1739,68.47,,158.47,,158.47,1218,1739
1207,1753,69.11,,159.11,,159.11,1207,1753
1196,1769,69.78,,159.78,,159.78,1196,1769
1190,1777,70.12,,160.12,,160.12,1190,1777
1180,1788,70.67,,160.67,,160.67,1180,1788
1168,1802,71.32,,161.32,,161.32,1168,1802
1161,1810,71.69,,161.69,,161.69,1161,1810
1142,1831,72.69,,162.69,,162.69,1142,1831
1122,1851,73.69,,163.69,,163.69,1122,1851
1101,1871,74.71,,164.71,,164.71,1101,1871
1097,1874,74.9,,164.9,,164.9,1097,1874
1083,1885,75.54,,165.54,,165.54,1083,1885
1072,1894,76.05,,166.05,,166.05,1072,1894
1065,1901,76.38,,166.38,,166.38,1065,1901
1062,1903,76.51,,166.51,,166.51,1062,1903
1057,1906,76.73,,166.73,,166.73,1057,1906
1054,1909,76.87,,166.87,,166.87,1054,1909
1049,1912,77.09,,167.09,,167.09,1049,1912
1045,1915,77.26,,167.26,,167.26,1045,1915
1041,1918,77.44,,167.44,,167.44,1041,1918
1037,1921,77.62,,167.62,,167.62,1037,1921
1032,1924,77.83,,167.83,,167.83,1032,1924
1027,1927,78.05,,168.05,,168.05,1027,1927
1022,1930,78.26,,168.26,,168.26,1022,1930
1018,1933,78.43,,168.43,,168.43,1018,1933
1013,1936,78.64,,168.64,,168.64,1013,1936
1008,1939,78.86,,168.86,,168.86,1008,1939
1003,1942,79.07,,169.07,,169.07,1003,1942
998,1945,79.28,,169.28,,169.28,998,1945
994,1949,79.46,,169.46,,169.46,994,1949
989,1952,79.66,,169.66,,169.66,989,1952
983,1955,79.91,,169.91,,169.91,983,1955
978,1958,80.12,,170.12,,170.12,978,1958
971,1961,80.4,,170.4,,170.4,971,1961
964,1964,80.68,,170.68,,170.68,964,1964
959,1967,80.89,,170.89,,170.89,959,1967
953,1971,81.14,,171.14,,171.14,953,1971
946,1974,81.41,,171.41,,171.41,946,1974
938,1977,81.73,,171.73,,171.73,938,1977
931,1980,82.01,,172.01,,172.01,931,1980
923,1984,82.33,,172.33,,172.33,923,1984
916,1987,82.6,,172.6,,172.6,916,1987
908,1990,82.92,,172.92,,172.92,908,1990
897,1993,83.34,,173.34,,173.34,897,1993
889,1996,83.65,,173.65,,173.65,889,1996
879,2000,84.04,,174.04,,174.04,879,2000
867,2003,84.5,,174.5,,174.5,867,2003
855,2006,84.95,,174.95,,174.95,855,2006
841,2009,85.48,,175.48,,175.48,841,2009
825,2013,86.09,,176.09,,176.09,825,2013
806,2016,86.8,,176.8,,176.8,806,2016
776,2019,87.92,,177.92,,177.92,776,2019
720,2023,90,,180,,180,720,2023
776,2019,87.92,,182.08,,182.08,664,2019
806,2016,86.8,,183.2,,183.2,634,2016
825,2013,86.09,,183.91,,183.91,615,2013
841,2009,85.48,,184.52,,184.52,599,2009
855,2006,84.95,,185.05,,185.05,585,2006
867,2003,84.5,,185.5,,185.5,573,2003
879,2000,84.04,,185.96,,185.96,561,2000
889,1996,83.65,,186.35,,186.35,551,1996
897,1993,83.34,,186.66,,186.66,543,1993
908,1990,82.92,,187.08,,187.08,532,1990
916,1987,82.6,,187.4,,187.4,524,1987
923,1984,82.33,,187.67,,187.67,517,1984
931,1980,82.01,,187.99,,187.99,509,1980
938,1977,81.73,,188.27,,188.27,502,1977
946,1974,81.41,,188.59,,188.59,494,1974
953,1971,81.14,,188.86,,188.86,487,1971
959,1967,80.89,,189.11,,189.11,481,1967
964,1964,80.68,,189.32,,189.32,476,1964
971,1961,80.4,,189.6,,189.6,469,1961
978,1958,80.12,,189.88,,189.88,462,1958
983,1955,79.91,,190.09,,190.09,457,1955
989,1952,79.66,,190.34,,190.34,451,1952
994,1949,79.46,,190.54,,190.54,446,1949
998,1945,79.28,,190.72,,190.72,442,1945
1003,1942,79.07,,190.93,,190.93,437,1942
1008,1939,78.86,,191.14,,191.14,432,1939
1013,1936,78.64,,191.36,,191.36,427,1936
1018,1933,78.43,,191.57,,191.57,422,1933
1022,1930,78.26,,191.74,,191.74,418,1930
1027,1927,78.05,,191.95,,191.95,413,1927
1032,1924,77.83,,192.17,,192.17,408,1924
1037,1921,77.62,,192.38,,192.38,403,1921
1041,1918,77.44,,192.56,,192.56,399,1918
1045,1915,77.26,,192.74,,192.74,395,1915
1049,1912,77.09,,192.91,,192.91,391,1912
1054,1909,76.87,,193.13,,193.13,386,1909
1057,1906,76.73,,193.27,,193.27,383,1906
1062,1903,76.51,,193.49,,193.49,378,1903
1065,1901,76.38,,193.62,,193.62,375,1901
1072,1894,76.05,,193.95,,193.95,368,1894
1083,1885,75.54,,194.46,,194.46,357,1885
1097,1874,74.9,,195.1,,195.1,343,1874
1101,1871,74.71,,195.29,,195.29,339,1871
1122,1851,73.69,,196.31,,196.31,318,1851
1142,1831,72.69,,197.31,,197.31,298,1831
1161,1810,71.69,,198.31,,198.31,279,1810
1168,1802,71.32,,198.68,,198.68,272,1802
1180,1788,70.67,,199.33,,199.33,260,1788
1190,1777,70.12,,199.88,,199.88,250,1777
1196,1769,69.78,,200.22,,200.22,244,1769
1207,1753,69.11,,200.89,,200.89,233,1753
1218,1739,68.47,,201.53,,201.53,222,1739
1222,1734,68.23,,201.77,,201.77,218,1734
1225,1729,68.03,,201.97,,201.97,215,1729
1230,1722,67.71,,202.29,,202.29,210,1722
1234,1716,67.47,,202.53,,202.53,206,1716
1237,1711,67.27,,202.73,,202.73,203,1711
1242,1703,66.94,,203.06,,203.06,198,1703
1246,1698,66.69,,203.31,,203.31,194,1698
1251,1690,66.36,,203.64,,203.64,189,1690
1255,1683,66.08,,203.92,,203.92,185,1683
1260,1675,65.74,,204.26,,204.26,180,1675
1264,1666,65.43,,204.57,,204.57,176,1666
1270,1657,65.01,,204.99,,204.99,170,1657
1275,1647,64.62,,205.38,,205.38,165,1647
1281,1637,64.19,,205.81,,205.81,159,1637
1286,1625,63.72,,206.28,,206.28,154,1625
1294,1611,63.19,,206.81,,206.81,146,1611
1293,1611,63.15,,206.85,,206.85,147,1611
1300,1597,62.62,,207.38,,207.38,140,1597
1301,1596,62.56,,207.44,,207.44,139,1596
1310,1576,61.77,,208.23,,208.23,130,1576
1311,1575,61.71,,208.29,,208.29,129,1575
1328,1535,60.12,,209.88,,209.88,112,1535
1329,1534,60.05,,209.95,,209.95,111,1534
1338,1511,59.13,,210.87,,210.87,102,1511
1339,1507,59,,211,,211,101,1507
1340,1502,58.83,,211.17,,211.17,100,1502
1349,1479,57.88,,212.12,,212.12,91,1479
1350,1476,57.76,,212.24,,212.24,90,1476
1351,1474,57.67,,212.33,,212.33,89,1474
1352,1471,57.55,,212.45,,212.45,88,1471
1353,1468,57.43,,212.57,,212.57,87,1468
1354,1463,57.26,,212.74,,212.74,86,1463
1355,1461,57.16,,212.84,,212.84,85,1461
1356,1458,57.04,,212.96,,212.96,84,1458
1357,1456,56.92,,213.08,,213.08,83,1456
1358,1453,56.83,,213.17,,213.17,82,1453
1359,1451,56.73,,213.27,,213.27,81,1451
1360,1446,56.56,,213.44,,213.44,80,1446
1361,1441,56.38,,213.62,,213.62,79,1441
1362,1439,56.28,,213.72,,213.72,78,1439
1363,1436,56.16,,213.84,,213.84,77,1436
1364,1434,56.06,,213.94,,213.94,76,1434
1365,1430,55.91,,214.09,,214.09,75,1430
1366,1426,55.76,,214.24,,214.24,74,1426
1367,1424,55.66,,214.34,,214.34,73,1424
1368,1420,55.5,,214.5,,214.5,72,1420
1369,1417,55.38,,214.62,,214.62,71,1417
1370,1413,55.22,,214.78,,214.78,70,1413
1371,1410,55.09,,214.91,,214.91,69,1410
1372,1407,54.97,,215.03,,215.03,68,1407
1373,1403,54.81,,215.19,,215.19,67,1403
1374,1398,54.62,,215.38,,215.38,66,1398
1375,1395,54.52,,215.48,,215.48,65,1395
1376,1393,54.39,,215.61,,215.61,64,1393
1377,1388,54.2,,215.8,,215.8,63,1388
1378,1385,54.07,,215.93,,215.93,62,1385
1380,1382,53.94,,216.06,,216.06,60,1382
1380,1377,53.75,,216.25,,216.25,60,1377
1381,1374,53.61,,216.39,,216.39,59,1374
1382,1368,53.39,,216.61,,216.61,58,1368
1383,1365,53.25,,216.75,,216.75,57,1365
1384,1359,53.03,,216.97,,216.97,56,1359
1385,1356,52.89,,217.11,,217.11,55,1356
1387,1348,52.69,,217.31,,217.31,53,1348
1388,1343,52.56,,217.44,,217.44,52,1343
1386,1341,52.35,,217.65,,217.65,54,1341
1389,1339,52.18,,217.82,,217.82,51,1339
1390,1334,51.98,,218.02,,218.02,50,1334
1391,1330,51.81,,218.19,,218.19,49,1330
1392,1326,51.64,,218.36,,218.36,48,1326
1393,1321,51.43,,218.57,,218.57,47,1321
1394,1317,51.26,,218.74,,218.74,46,1317
1395,1312,51.05,,218.95,,218.95,45,1312
1396,1307,50.84,,219.16,,219.16,44,1307
1397,1304,50.7,,219.3,,219.3,43,1304
1298,1299,50.48,,219.52,,219.52,142,1299
1400,1298,50.24,,219.76,,219.76,40,1298
1399,1293,49.99,,220.01,,220.01,41,1293
1401,1282,49.77,,220.23,,220.23,39,1282
1402,1275,49.48,,220.52,,220.52,38,1275
1403,1268,49.19,,220.81,,220.81,37,1268
1404,1262,48.93,,221.07,,221.07,36,1262
1405,1256,48.67,,221.33,,221.33,35,1256
1406,1251,48.45,,221.55,,221.55,34,1251
1407,1245,48.19,,221.81,,221.81,33,1245
1408,1240,47.96,,222.04,,222.04,32,1240
1409,1234,47.69,,222.31,,222.31,31,1234
1410,1229,47.46,,222.54,,222.54,30,1229
1411,1221,47.12,,222.88,,222.88,29,1221
1412,1216,46.88,,223.12,,223.12,28,1216
1413,1207,46.49,,223.51,,223.51,27,1207
1414,1200,46.13,,223.87,,223.87,26,1200
1415,1190,45.73,,224.27,,224.27,25,1190
1416,1182,45.37,,224.63,,224.63,24,1182
1417,1175,45.04,,224.96,,224.96,23,1175
1418,1163,44.5,,225.5,,225.5,22,1163
1419,1152,44,,226,,226,21,1152
1420,1140,43.4,,226.6,,226.6,20,1140
1421,1122,42.62,,227.38,,227.38,19,1122
1422,1108,41.95,,228.05,,228.05,18,1108
1423,1095,41.32,,228.68,,228.68,17,1095
1424,1082,40.67,,229.33,,229.33,16,1082
1425,1053,39.25,,230.75,,230.75,15,1053
1424,975,35.28,,234.72,,234.72,16,975
1423,948,33.82,,236.18,,236.18,17,948
1422,932,32.95,,237.05,,237.05,18,932
1421,918,32.17,,237.83,,237.83,19,918
1420,904,31.38,,238.62,,238.62,20,904
1419,891,30.64,,239.36,,239.36,21,891
1418,880,30,,240,,240,22,880
1417,869,29.35,,240.65,,240.65,23,869
1416,862,28.95,,241.05,,241.05,24,862
1415,854,28.48,,241.52,,241.52,25,854
1414,847,28.06,,241.94,,241.94,26,847
1413,839,27.58,,242.42,,242.42,27,839
1412,828,26.9,,243.1,,243.1,28,828
1411,821,26.47,,243.53,,243.53,29,821
1410,813,25.96,,244.04,,244.04,30,813
1409,809,25.73,,244.27,,244.27,31,809
1408,804,25.42,,244.58,,244.58,32,804
1407,797,24.98,,245.02,,245.02,33,797
1406,792,24.66,,245.34,,245.34,34,792
1405,785,24.21,,245.79,,245.79,35,785
1404,776,23.61,,246.39,,246.39,36,776
1403,772,23.36,,246.64,,246.64,37,772
1402,768,23.11,,246.89,,246.89,38,768
1401,761,22.64,,247.36,,247.36,39,761
1400,755,22.24,,247.76,,247.76,40,755
1399,750,21.9,,248.1,,248.1,41,750
1398,746,21.64,,248.36,,248.36,42,746
1397,742,21.38,,248.62,,248.62,43,742
1396,737,21.04,,248.96,,248.96,44,737
1395,733,20.77,,249.23,,249.23,45,733
1394,728,20.43,,249.57,,249.57,46,728
1393,723,20.08,,249.92,,249.92,47,723
1392,717,19.65,,250.35,,250.35,48,717
1391,714,19.45,,250.55,,250.55,49,714
1390,709,19.1,,250.9,,250.9,50,709
1389,705,18.82,,251.18,,251.18,51,705
1388,700,18.46,,251.54,,251.54,52,700
1387,696,18.18,,251.82,,251.82,53,696
1386,691,17.81,,252.19,,252.19,54,691
1385,689,17.68,,252.32,,252.32,55,689
1384,684,17.31,,252.69,,252.69,56,684
1383,680,17.02,,252.98,,252.98,57,680
1382,676,16.73,,253.27,,253.27,58,676
1381,673,16.52,,253.48,,253.48,59,673
1380,669,16.22,,253.78,,253.78,60,669
1379,664,15.84,,254.16,,254.16,61,664
1378,659,15.46,,254.54,,254.54,62,659
1377,657,15.32,,254.68,,254.68,63,657
1376,652,14.94,,255.06,,255.06,64,652
1375,648,14.63,,255.37,,255.37,65,648
1374,646,14.49,,255.51,,255.51,66,646
1373,642,14.18,,255.82,,255.82,67,642
1372,640,14.04,,255.96,,255.96,68,640
1371,635,13.64,,256.36,,256.36,69,635
1370,632,13.41,,256.59,,256.59,70,632
1369,628,13.1,,256.9,,256.9,71,628
1368,624,12.78,,257.22,,257.22,72,624
1367,621,12.55,,257.45,,257.45,73,621
1366,617,12.23,,257.77,,257.77,74,617
1365,615,12.08,,257.92,,257.92,75,615
1364,612,11.84,,258.16,,258.16,76,612
1363,608,11.52,,258.48,,258.48,77,608
1362,606,11.36,,258.64,,258.64,78,606
1361,602,11.03,,258.97,,258.97,79,602
1360,600,10.88,,259.12,,259.12,80,600
1359,595,10.46,,259.54,,259.54,81,595
1358,593,10.3,,259.7,,259.7,82,593
1357,590,10.06,,259.94,,259.94,83,590
1356,586,9.73,,260.27,,260.27,84,586
1355,584,9.48,,260.52,,260.52,85,584
1354,582,9.32,,260.68,,260.68,86,582
1353,577,8.98,,261.02,,261.02,87,577
1352,575,8.81,,261.19,,261.19,88,575
1351,573,8.65,,261.35,,261.35,89,573
1350,569,8.31,,261.69,,261.69,90,569
1349,566,8.05,,261.95,,261.95,91,566
1348,564,7.89,,262.11,,262.11,92,564
1347,560,7.54,,262.46,,262.46,93,560
1346,557,7.28,,262.72,,262.72,94,557
1345,555,7.11,,262.89,,262.89,95,555
1344,552,6.85,,263.15,,263.15,96,552
1343,548,6.5,,263.5,,263.5,97,548
1342,546,6.33,,263.67,,263.67,98,546
1341,544,6.16,,263.84,,263.84,99,544
1340,542,5.98,,264.02,,264.02,100,542
1339,540,5.81,,264.19,,264.19,101,540
1338,536,5.45,,264.55,,264.55,102,536
1337,533,5.19,,264.81,,264.81,103,533
1336,531,5.01,,264.99,,264.99,104,531
1335,528,4.74,,265.26,,265.26,105,528
1334,526,4.56,,265.44,,265.44,106,526
1333,522,4.2,,265.8,,265.8,107,522
1332,519,4.02,,265.98,,265.98,108,519
1331,517,3.75,,266.25,,266.25,109,517
1330,515,3.56,,266.44,,266.44,110,515
1329,513,3.38,,266.62,,266.62,111,513
1328,511,3.2,,266.8,,266.8,112,511
1327,509,3.02,,266.98,,266.98,113,509
1326,506,2.74,,267.26,,267.26,114,506
1325,504,2.56,,267.44,,267.44,115,504
1324,500,2.18,,267.82,,267.82,116,500
1323,497,1.9,,268.1,,268.1,117,497
1322,495,1.71,,268.29,,268.29,118,495
1321,493,1.52,,268.48,,268.48,119,493
1320,491,1.34,,268.66,,268.66,120,491
1319,489,1.15,,268.85,,268.85,121,489
1318,487,0.96,,269.04,,269.04,122,487
1317,484,0.67,,269.33,,269.33,123,484
1316,482,0.48,,269.52,,269.52,124,482
1315,479,0.19,,269.81,,269.81,125,479
1314,477,0,,270,,270,126,477
1313,475,0.19,,270.19,,270.19,127,475
1312,472,0.48,,270.48,,270.48,128,472
1311,470,0.68,,270.68,,270.68,129,470
1310,468,0.87,,270.87,,270.87,130,468
1309,466,1.07,,271.07,,271.07,131,466
1308,464,1.27,,271.27,,271.27,132,464
1307,462,1.46,,271.46,,271.46,133,462
1306,459,1.76,,271.76,,271.76,134,459
1305,457,1.96,,271.96,,271.96,135,457
1304,454,2.26,,272.26,,272.26,136,454
1303,452,2.46,,272.46,,272.46,137,452
1302,450,2.66,,272.66,,272.66,138,450
1301,449,2.76,,272.76,,272.76,139,449
1300,447,2.96,,272.96,,272.96,140,447
1299,445,3.16,,273.16,,273.16,141,445
1298,443,3.37,,273.37,,273.37,142,443
1297,441,3.57,,273.57,,273.57,143,441
1296,439,3.77,,273.77,,273.77,144,439
1295,436,4.08,,274.08,,274.08,145,436
1294,434,4.28,,274.28,,274.28,146,434
1293,432,4.49,,274.49,,274.49,147,432
1292,430,4.7,,274.7,,274.7,148,430
1291,428,4.9,,274.9,,274.9,149,428
1290,426,5.11,,275.11,,275.11,150,426
1289,424,5.32,,275.32,,275.32,151,424
1288,422,5.53,,275.53,,275.53,152,422
1287,420,5.74,,275.74,,275.74,153,420
1286,418,5.95,,275.95,,275.95,154,418
1285,417,6.06,,276.06,,276.06,155,417
1284,415,6.27,,276.27,,276.27,156,415
1283,413,6.49,,276.49,,276.49,157,413
1282,410,6.8,,276.8,,276.8,158,410
1281,408,7.01,,277.01,,277.01,159,408
1280,407,7.13,,277.13,,277.13,160,407
1279,405,7.34,,277.34,,277.34,161,405
1278,403,7.55,,277.55,,277.55,162,403
1277,401,7.77,,277.77,,277.77,163,401
1276,400,7.88,,277.88,,277.88,164,400
1276,399,7.99,,277.99,,277.99,164,399
1275,398,8.1,,278.1,,278.1,165,398
1274,397,8.22,,278.22,,278.22,166,397
1274,396,8.32,,278.32,,278.32,166,396
1273,395,8.43,,278.43,,278.43,167,395
1273,394,8.54,,278.54,,278.54,167,394
1272,393,8.65,,278.65,,278.65,168,393
1272,392,8.75,,278.75,,278.75,168,392
1271,391,8.87,,278.87,,278.87,169,391
1271,390,8.97,,278.97,,278.97,169,390
1270,389,9.09,,279.09,,279.09,170,389
1270,388,9.19,,279.19,,279.19,170,388
1269,387,9.31,,279.31,,279.31,171,387
1269,386,9.41,,279.41,,279.41,171,386
1268,385,9.53,,279.53,,279.53,172,385
1267,384,9.65,,279.65,,279.65,173,384
1267,383,9.75,,279.75,,279.75,173,383
1266,382,9.87,,279.87,,279.87,174,382
1266,381,9.97,,279.97,,279.97,174,381
1265,380,10.09,,280.09,,280.09,175,380
1265,379,10.19,,280.19,,280.19,175,379
1264,378,10.31,,280.31,,280.31,176,378
1263,377,10.43,,280.43,,280.43,177,377
1263,376,10.54,,280.54,,280.54,177,376
1262,375,10.66,,280.66,,280.66,178,375
1262,374,10.76,,280.76,,280.76,178,374
1261,373,10.88,,280.88,,280.88,179,373
1261,372,10.98,,280.98,,280.98,179,372
1260,371,11.11,,281.11,,281.11,180,371
1259,370,11.23,,281.23,,281.23,181,370
1259,369,11.33,,281.33,,281.33,181,369
1259,368,11.43,,281.43,,281.43,181,368
1258,367,11.56,,281.56,,281.56,182,367
1257,366,11.68,,281.68,,281.68,183,366
1257,365,11.78,,281.78,,281.78,183,365
1256,364,11.9,,281.9,,281.9,184,364
1256,363,12.01,,282.01,,282.01,184,363
1255,362,12.13,,282.13,,282.13,185,362
1254,361,12.26,,282.26,,282.26,186,361
1254,360,12.36,,282.36,,282.36,186,360
1253,359,12.48,,282.48,,282.48,187,359
1253,358,12.59,,282.59,,282.59,187,358
1252,357,12.71,,282.71,,282.71,188,357
1251,356,12.84,,282.84,,282.84,189,356
1251,355,12.94,,282.94,,282.94,189,355
1250,354,13.07,,283.07,,283.07,190,354
1250,353,13.17,,283.17,,283.17,190,353
1249,352,13.29,,283.29,,283.29,191,352
1248,351,13.42,,283.42,,283.42,192,351
1248,350,13.52,,283.52,,283.52,192,350
1247,349,13.65,,283.65,,283.65,193,349
1247,348,13.75,,283.75,,283.75,193,348
1246,347,13.88,,283.88,,283.88,194,347
1245,346,14.01,,284.01,,284.01,195,346
1245,345,14.11,,284.11,,284.11,195,345
1244,344,14.24,,284.24,,284.24,196,344
1243,343,14.37,,284.37,,284.37,197,343
1243,342,14.47,,284.47,,284.47,197,342
1242,341,14.6,,284.6,,284.6,198,341
1242,340,14.71,,284.71,,284.71,198,340
1241,339,14.84,,284.84,,284.84,199,339
1240,338,14.97,,284.97,,284.97,200,338
1240,337,15.1,,285.1,,285.1,200,337
1238,336,15.23,,285.23,,285.23,202,336
1238,335,15.33,,285.33,,285.33,202,335
1237,334,15.46,,285.46,,285.46,203,334
1237,333,15.56,,285.56,,285.56,203,333
1236,332,15.7,,285.7,,285.7,204,332
1235,331,15.83,,285.83,,285.83,205,331
1235,330,15.93,,285.93,,285.93,205,330
1234,329,16.06,,286.06,,286.06,206,329
1233,328,16.2,,286.2,,286.2,207,328
1233,327,16.3,,286.3,,286.3,207,327
1232,326,16.43,,286.43,,286.43,208,326
1231,325,16.57,,286.57,,286.57,209,325
1231,324,16.67,,286.67,,286.67,209,324
1230,323,16.8,,286.8,,286.8,210,323
1229,322,16.94,,286.94,,286.94,211,322
1229,321,17.04,,287.04,,287.04,211,321
1228,320,17.17,,287.17,,287.17,212,320
1227,319,17.31,,287.31,,287.31,213,319
1227,318,17.41,,287.41,,287.41,213,318
1226,317,17.55,,287.55,,287.55,214,317
1226,316,17.65,,287.65,,287.65,214,316
1225,315,17.79,,287.79,,287.79,215,315
1224,314,17.92,,287.92,,287.92,216,314
1223,313,18.06,,288.06,,288.06,217,313
1223,312,18.16,,288.16,,288.16,217,312
1222,311,18.3,,288.3,,288.3,218,311
1221,310,18.43,,288.43,,288.43,219,310
1221,309,18.54,,288.54,,288.54,219,309
1220,308,18.68,,288.68,,288.68,220,308
1219,307,18.81,,288.81,,288.81,221,307
1219,306,18.92,,288.92,,288.92,221,306
1218,305,19.05,,289.05,,289.05,222,305
1217,304,19.19,,289.19,,289.19,223,304
1217,303,19.3,,289.3,,289.3,223,303
1216,302,19.43,,289.43,,289.43,224,302
1215,301,19.57,,289.57,,289.57,225,301
1215,300,19.68,,289.68,,289.68,225,300
1214,299,19.82,,289.82,,289.82,226,299
1213,298,19.96,,289.96,,289.96,227,298
1213,297,20.06,,290.06,,290.06,227,297
1212,296,20.2,,290.2,,290.2,228,296
1211,295,20.34,,290.34,,290.34,229,295
1210,294,20.48,,290.48,,290.48,230,294
1209,293,20.62,,290.62,,290.62,231,293
1209,292,20.72,,290.72,,290.72,231,292
1208,291,20.86,,290.86,,290.86,232,291
1207,290,21.01,,291.01,,291.01,233,290
1207,289,21.11,,291.11,,291.11,233,289
1206,288,21.25,,291.25,,291.25,234,288
1205,287,21.39,,291.39,,291.39,235,287
1205,286,21.5,,291.5,,291.5,235,286
1204,285,21.64,,291.64,,291.64,236,285
1203,284,21.78,,291.78,,291.78,237,284
1203,283,21.88,,291.88,,291.88,237,283
1202,282,22.03,,292.03,,292.03,238,282
1201,281,22.17,,292.17,,292.17,239,281
1200,280,22.31,,292.31,,292.31,240,280
1199,279,22.46,,292.46,,292.46,241,279
1199,278,22.56,,292.56,,292.56,241,278
1198,277,22.7,,292.7,,292.7,242,277
1197,276,22.85,,292.85,,292.85,243,276
1197,275,22.95,,292.95,,292.95,243,275
1196,274,23.1,,293.1,,293.1,244,274
1195,273,23.24,,293.24,,293.24,245,273
1194,272,23.39,,293.39,,293.39,246,272
1194,271,23.49,,293.49,,293.49,246,271
1193,270,23.64,,293.64,,293.64,247,270
1192,269,23.78,,293.78,,293.78,248,269
1191,268,23.93,,293.93,,293.93,249,268
1191,267,24.03,,294.03,,294.03,249,267
1190,266,24.18,,294.18,,294.18,250,266
1189,265,24.32,,294.32,,294.32,251,265
1188,264,24.47,,294.47,,294.47,252,264
1187,263,24.62,,294.62,,294.62,253,263
1187,262,24.72,,294.72,,294.72,253,262
1186,261,24.87,,294.87,,294.87,254,261
1185,260,25.02,,295.02,,295.02,255,260
1184,259,25.17,,295.17,,295.17,256,259
1184,258,25.27,,295.27,,295.27,256,258
1183,257,25.42,,295.42,,295.42,257,257
1182,256,25.56,,295.56,,295.56,258,256
1181,255,25.71,,295.71,,295.71,259,255
1180,254,25.86,,295.86,,295.86,260,254
1180,253,25.96,,295.96,,295.96,260,253
1179,252,26.11,,296.11,,296.11,261,252
1178,251,26.26,,296.26,,296.26,262,251
1177,250,26.41,,296.41,,296.41,263,250
1176,249,26.57,,296.57,,296.57,264,249
1176,248,26.67,,296.67,,296.67,264,248
1175,247,26.82,,296.82,,296.82,265,247
1174,246,26.97,,296.97,,296.97,266,246
1173,245,27.12,,297.12,,297.12,267,245
1172,244,27.27,,297.27,,297.27,268,244
1171,243,27.42,,297.42,,297.42,269,243
1171,242,27.52,,297.52,,297.52,269,242
1170,241,27.67,,297.67,,297.67,270,241
1169,240,27.83,,297.83,,297.83,271,240
1168,239,27.98,,297.98,,297.98,272,239
1167,238,28.13,,298.13,,298.13,273,238
1166,237,28.29,,298.29,,298.29,274,237
1166,236,28.38,,298.38,,298.38,274,236
1165,235,28.54,,298.54,,298.54,275,235
1164,234,28.69,,298.69,,298.69,276,234
1163,233,28.85,,298.85,,298.85,277,233
1162,232,29,,299,,299,278,232
1162,231,29.1,,299.1,,299.1,278,231
1161,230,29.25,,299.25,,299.25,279,230
1160,229,29.41,,299.41,,299.41,280,229
1159,228,29.56,,299.56,,299.56,281,228
1158,227,29.72,,299.72,,299.72,282,227
1157,226,29.87,,299.87,,299.87,283,226
1156,225,30.03,,300.03,,300.03,284,225
1156,224,30.13,,300.13,,300.13,284,224
1155,223,30.28,,300.28,,300.28,285,223
1154,222,30.44,,300.44,,300.44,286,222
1153,221,30.59,,300.59,,300.59,287,221
1152,220,30.75,,300.75,,300.75,288,220
1151,219,30.91,,300.91,,300.91,289,219
1150,218,31.06,,301.06,,301.06,290,218
1149,216,31.32,,301.32,,301.32,291,216
1148,215,31.47,,301.47,,301.47,292,215
1147,214,31.63,,301.63,,301.63,293,214
1146,213,31.79,,301.79,,301.79,294,213
1145,212,31.94,,301.94,,301.94,295,212
1144,211,32.1,,302.1,,302.1,296,211
1143,210,32.26,,302.26,,302.26,297,210
1142,209,32.42,,302.42,,302.42,298,209
1141,208,32.58,,302.58,,302.58,299,208
1140,207,32.74,,302.74,,302.74,300,207
1139,206,32.89,,302.89,,302.89,301,206
1139,205,32.99,,302.99,,302.99,301,205
1138,204,33.15,,303.15,,303.15,302,204
1137,203,33.31,,303.31,,303.31,303,203
1136,202,33.47,,303.47,,303.47,304,202
1135,201,33.63,,303.63,,303.63,305,201
1134,200,33.79,,303.79,,303.79,306,200
1133,199,33.95,,303.95,,303.95,307,199
1132,198,34.11,,304.11,,304.11,308,198
1131,197,34.27,,304.27,,304.27,309,197
1130,196,34.43,,304.43,,304.43,310,196
1129,195,34.59,,304.59,,304.59,311,195
1128,194,34.75,,304.75,,304.75,312,194
1127,193,34.91,,304.91,,304.91,313,193
1126,192,35.07,,305.07,,305.07,314,192
1125,191,35.23,,305.23,,305.23,315,191
1124,190,35.39,,305.39,,305.39,316,190
1123,189,35.55,,305.55,,305.55,317,189
1122,188,35.71,,305.71,,305.71,318,188
1121,187,35.87,,305.87,,305.87,319,187
1120,186,36.04,,306.04,,306.04,320,186
1119,185,36.2,,306.2,,306.2,321,185
1118,184,36.36,,306.36,,306.36,322,184
1117,183,36.52,,306.52,,306.52,323,183
1116,182,36.68,,306.68,,306.68,324,182
1115,181,36.85,,306.85,,306.85,325,181
1114,180,37.01,,307.01,,307.01,326,180
1113,179,37.17,,307.17,,307.17,327,179
1112,178,37.33,,307.33,,307.33,328,178
1111,177,37.5,,307.5,,307.5,329,177
1110,176,37.66,,307.66,,307.66,330,176
1109,175,37.82,,307.82,,307.82,331,175
1108,174,37.99,,307.99,,307.99,332,174
1107,173,38.15,,308.15,,308.15,333,173
1106,172,38.31,,308.31,,308.31,334,172
1105,171,38.48,,308.48,,308.48,335,171
1104,170,38.64,,308.64,,308.64,336,170
1103,169,38.81,,308.81,,308.81,337,169
1102,168,38.97,,308.97,,308.97,338,168
1101,167,39.13,,309.13,,309.13,339,167
1100,166,39.3,,309.3,,309.3,340,166
1099,165,39.46,,309.46,,309.46,341,165
1098,164,39.63,,309.63,,309.63,342,164
1096,163,39.87,,309.87,,309.87,344,163
1095,162,40.03,,310.03,,310.03,345,162
1094,161,40.2,,310.2,,310.2,346,161
1093,160,40.36,,310.36,,310.36,347,160
1092,159,40.53,,310.53,,310.53,348,159
1091,158,40.69,,310.69,,310.69,349,158
1090,157,40.86,,310.86,,310.86,350,157
1089,156,41.02,,311.02,,311.02,351,156
1087,155,41.26,,311.26,,311.26,353,155
1086,154,41.43,,311.43,,311.43,354,154
1085,153,41.59,,311.59,,311.59,355,153
1084,152,41.76,,311.76,,311.76,356,152
1083,151,41.93,,311.93,,311.93,357,151
1082,150,42.09,,312.09,,312.09,358,150
1081,149,42.26,,312.26,,312.26,359,149
1080,148,42.42,,312.42,,312.42,360,148
1079,147,42.59,,312.59,,312.59,361,147
1077,146,42.84,,312.84,,312.84,363,146
1076,145,43,,313,,313,364,145
1075,144,43.17,,313.17,,313.17,365,144
1074,143,43.33,,313.33,,313.33,366,143
1073,142,43.5,,313.5,,313.5,367,142
1072,141,43.67,,313.67,,313.67,368,141
1070,140,43.92,,313.92,,313.92,370,140
1069,139,44.08,,314.08,,314.08,371,139
1068,138,44.25,,314.25,,314.25,372,138
1067,137,44.42,,314.42,,314.42,373,137
1065,136,44.67,,314.67,,314.67,375,136
1064,135,44.83,,314.83,,314.83,376,135
1063,134,45,,315,,315,377,134
1062,133,45.17,,315.17,,315.17,378,133
1061,132,45.33,,315.33,,315.33,379,132
1059,131,45.59,,315.59,,315.59,381,131
1058,130,45.75,,315.75,,315.75,382,130
1057,129,45.92,,315.92,,315.92,383,129
1056,128,46.09,,316.09,,316.09,384,128
1054,127,46.34,,316.34,,316.34,386,127
1053,126,46.51,,316.51,,316.51,387,126
1052,125,46.67,,316.67,,316.67,388,125
1051,124,46.84,,316.84,,316.84,389,124
1049,123,47.1,,317.1,,317.1,391,123
1048,122,47.26,,317.26,,317.26,392,122
1047,121,47.43,,317.43,,317.43,393,121
1045,120,47.69,,317.69,,317.69,395,120
1044,119,47.85,,317.85,,317.85,396,119
1043,118,48.02,,318.02,,318.02,397,118
1041,117,48.28,,318.28,,318.28,399,117
1040,116,48.45,,318.45,,318.45,400,116
1039,115,48.61,,318.61,,318.61,401,115
1037,114,48.87,,318.87,,318.87,403,114
1036,113,49.04,,319.04,,319.04,404,113
1034,112,49.3,,319.3,,319.3,406,112
1033,111,49.46,,319.46,,319.46,407,111
1032,110,49.63,,319.63,,319.63,408,110
1030,109,49.89,,319.89,,319.89,410,109
1029,108,50.06,,320.06,,320.06,411,108
1028,107,50.22,,320.22,,320.22,412,107
1026,106,50.48,,320.48,,320.48,414,106
1025,105,50.65,,320.65,,320.65,415,105
1024,104,50.82,,320.82,,320.82,416,104
1022,103,51.08,,321.08,,321.08,418,103
1021,102,51.25,,321.25,,321.25,419,102
1019,101,51.51,,321.51,,321.51,421,101
1018,100,51.68,,321.68,,321.68,422,100
1016,99,51.94,,321.94,,321.94,424,99
1015,98,52.1,,322.1,,322.1,425,98
1013,97,52.37,,322.37,,322.37,427,97
1012,96,52.53,,322.53,,322.53,428,96
1010,95,52.8,,322.8,,322.8,430,95
1009,94,52.96,,322.96,,322.96,431,94
1007,93,53.23,,323.23,,323.23,433,93
1006,92,53.39,,323.39,,323.39,434,92
1004,91,53.66,,323.66,,323.66,436,91
1003,90,53.82,,323.82,,323.82,437,90
1001,89,54.09,,324.09,,324.09,439,89
1000,88,54.25,,324.25,,324.25,440,88
998,87,54.52,,324.52,,324.52,442,87
996,86,54.78,,324.78,,324.78,444,86
995,85,54.95,,324.95,,324.95,445,85
993,84,55.21,,325.21,,325.21,447,84
992,83,55.38,,325.38,,325.38,448,83
990,82,55.65,,325.65,,325.65,450,82
989,81,55.81,,325.81,,325.81,451,81
987,80,56.08,,326.08,,326.08,453,80
985,79,56.34,,326.34,,326.34,455,79
983,78,56.61,,326.61,,326.61,457,78
982,77,56.78,,326.78,,326.78,458,77
980,76,57.04,,327.04,,327.04,460,76
978,75,57.31,,327.31,,327.31,462,75
977,74,57.47,,327.47,,327.47,463,74
975,73,57.74,,327.74,,327.74,465,73
973,72,58.01,,328.01,,328.01,467,72
970,70,58.27,,328.27,,328.27,470,70
971,70,58.44,,328.44,,328.44,469,70
968,69,58.71,,328.71,,328.71,472,69
966,68,58.97,,328.97,,328.97,474,68
964,67,59.24,,329.24,,329.24,476,67
962,66,59.51,,329.51,,329.51,478,66
960,65,59.78,,329.78,,329.78,480,65
958,64,60.05,,330.05,,330.05,482,64
57,63,60.21,,330.21,,330.21,1383,63
955,62,60.48,,330.48,,330.48,485,62
953,61,60.75,,330.75,,330.75,487,61
951,60,61.02,,331.02,,331.02,489,60
949,59,61.28,,331.28,,331.28,491,59
947,58,61.55,,331.55,,331.55,493,58
945,57,61.82,,331.82,,331.82,495,57
943,56,62.09,,332.09,,332.09,497,56
941,55,62.36,,332.36,,332.36,499,55
939,54,62.63,,332.63,,332.63,501,54
937,53,62.9,,332.9,,332.9,503,53
935,52,63.17,,333.17,,333.17,505,52
933,51,63.43,,333.43,,333.43,507,51
930,50,63.81,,333.81,,333.81,510,50
928,49,64.08,,334.08,,334.08,512,49
926,48,64.35,,334.35,,334.35,514,48
924,47,64.62,,334.62,,334.62,516,47
922,46,64.89,,334.89,,334.89,518,46
919,45,65.27,,335.27,,335.27,521,45
917,44,65.54,,335.54,,335.54,523,44
915,43,65.81,,335.81,,335.81,525,43
913,42,66.07,,336.07,,336.07,527,42
910,41,66.45,,336.45,,336.45,530,41
908,40,66.72,,336.72,,336.72,532,40
905,39,67.1,,337.1,,337.1,535,39
903,38,67.37,,337.37,,337.37,537,38
900,37,67.75,,337.75,,337.75,540,37
898,36,68.02,,338.02,,338.02,542,36
895,35,68.4,,338.4,,338.4,545,35
893,34,68.67,,338.67,,338.67,547,34
890,33,69.05,,339.05,,339.05,550,33
887,32,69.43,,339.43,,339.43,553,32
885,31,69.7,,339.7,,339.7,555,31
882,30,70.08,,340.08,,340.08,558,30
879,29,70.46,,340.46,,340.46,561,29
876,28,70.84,,340.84,,340.84,564,28
873,27,71.22,,341.22,,341.22,567,27
870,26,71.6,,341.6,,341.6,570,26
867,25,71.98,,341.98,,341.98,573,25
863,24,72.48,,342.48,,342.48,577,24
860,23,72.86,,342.86,,342.86,580,23
857,22,73.24,,343.24,,343.24,583,22
854,21,73.62,,343.62,,343.62,586,21
850,20,74.12,,344.12,,344.12,590,20
846,19,74.62,,344.62,,344.62,594,19
843,18,75,,345,,345,597,18
839,17,75.5,,345.5,,345.5,601,17
835,16,75.99,,345.99,,345.99,605,16
831,15,76.49,,346.49,,346.49,609,15
827,14,76.99,,346.99,,346.99,613,14
823,13,77.48,,347.48,,347.48,617,13
818,12,78.1,,348.1,,348.1,622,12
813,11,78.81,,348.81,,348.81,627,11
808,10,79.33,,349.33,,349.33,632,10
803,9,79.94,,349.94,,349.94,637,9
797,8,80.68,,350.68,,350.68,643,8
792,7,81.29,,351.29,,351.29,648,7
785,6,82.14,,352.14,,352.14,655,6
777,5,83.11,,353.11,,353.11,663,5
770,4,83.97,,353.97,,353.97,670,4
759,3,85.3,,355.3,,355.3,681,3
746,2,86.87,,356.87,,356.87,694,2
,,,,,,,,
,,,,,,,,
,,,,,,,,
Halfway. Massaged data below,,,,,,,,
In form Angle, X, Y,,,,,,
,,,,,,,,
0,720,1,,,,,,
3.13,746,2,,,,,,
4.7,759,3,,,,,,
6.03,770,4,,,,,,
6.89,777,5,,,,,,
7.86,785,6,,,,,,
8.71,792,7,,,,,,
9.32,797,8,,,,,,
10.06,803,9,,,,,,
10.67,808,10,,,,,,
11.19,813,11,,,,,,
11.9,818,12,,,,,,
12.52,823,13,,,,,,
13.01,827,14,,,,,,
13.51,831,15,,,,,,
14.01,835,16,,,,,,
14.5,839,17,,,,,,
15,843,18,,,,,,
15.38,846,19,,,,,,
15.88,850,20,,,,,,
16.38,854,21,,,,,,
16.76,857,22,,,,,,
17.14,860,23,,,,,,
17.52,863,24,,,,,,
18.02,867,25,,,,,,
18.4,870,26,,,,,,
18.78,873,27,,,,,,
19.16,876,28,,,,,,
19.54,879,29,,,,,,
19.92,882,30,,,,,,
20.3,885,31,,,,,,
20.57,887,32,,,,,,
20.95,890,33,,,,,,
21.33,893,34,,,,,,
21.6,895,35,,,,,,
21.98,898,36,,,,,,
22.25,900,37,,,,,,
22.63,903,38,,,,,,
22.9,905,39,,,,,,
23.28,908,40,,,,,,
23.55,910,41,,,,,,
23.93,913,42,,,,,,
24.19,915,43,,,,,,
24.46,917,44,,,,,,
24.73,919,45,,,,,,
25.11,922,46,,,,,,
25.38,924,47,,,,,,
25.65,926,48,,,,,,
25.92,928,49,,,,,,
26.19,930,50,,,,,,
26.57,933,51,,,,,,
26.83,935,52,,,,,,
27.1,937,53,,,,,,
27.37,939,54,,,,,,
27.64,941,55,,,,,,
27.91,943,56,,,,,,
28.18,945,57,,,,,,
28.45,947,58,,,,,,
28.72,949,59,,,,,,
28.98,951,60,,,,,,
29.25,953,61,,,,,,
29.52,955,62,,,,,,
29.79,57,63,,,,,,
29.95,958,64,,,,,,
30.22,960,65,,,,,,
30.49,962,66,,,,,,
30.76,964,67,,,,,,
31.03,966,68,,,,,,
31.29,968,69,,,,,,
31.56,970,70,,,,,,
31.73,971,70,,,,,,
31.99,973,72,,,,,,
32.26,975,73,,,,,,
32.53,977,74,,,,,,
32.69,978,75,,,,,,
32.96,980,76,,,,,,
33.22,982,77,,,,,,
33.39,983,78,,,,,,
33.66,985,79,,,,,,
33.92,987,80,,,,,,
34.19,989,81,,,,,,
34.35,990,82,,,,,,
34.62,992,83,,,,,,
34.79,993,84,,,,,,
35.05,995,85,,,,,,
35.22,996,86,,,,,,
35.48,998,87,,,,,,
35.75,1000,88,,,,,,
35.91,1001,89,,,,,,
36.18,1003,90,,,,,,
36.34,1004,91,,,,,,
36.61,1006,92,,,,,,
36.77,1007,93,,,,,,
37.04,1009,94,,,,,,
37.2,1010,95,,,,,,
37.47,1012,96,,,,,,
37.63,1013,97,,,,,,
37.9,1015,98,,,,,,
38.06,1016,99,,,,,,
38.32,1018,100,,,,,,
38.49,1019,101,,,,,,
38.75,1021,102,,,,,,
38.92,1022,103,,,,,,
39.18,1024,104,,,,,,
39.35,1025,105,,,,,,
39.52,1026,106,,,,,,
39.78,1028,107,,,,,,
39.94,1029,108,,,,,,
40.11,1030,109,,,,,,
40.37,1032,110,,,,,,
40.54,1033,111,,,,,,
40.7,1034,112,,,,,,
40.96,1036,113,,,,,,
41.13,1037,114,,,,,,
41.39,1039,115,,,,,,
41.55,1040,116,,,,,,
41.72,1041,117,,,,,,
41.98,1043,118,,,,,,
42.15,1044,119,,,,,,
42.31,1045,120,,,,,,
42.57,1047,121,,,,,,
42.74,1048,122,,,,,,
42.9,1049,123,,,,,,
43.16,1051,124,,,,,,
43.33,1052,125,,,,,,
43.49,1053,126,,,,,,
43.66,1054,127,,,,,,
43.91,1056,128,,,,,,
44.08,1057,129,,,,,,
44.25,1058,130,,,,,,
44.41,1059,131,,,,,,
44.67,1061,132,,,,,,
44.83,1062,133,,,,,,
45,1063,134,,,,,,
45.17,1064,135,,,,,,
45.33,1065,136,,,,,,
45.58,1067,137,,,,,,
45.75,1068,138,,,,,,
45.92,1069,139,,,,,,
46.08,1070,140,,,,,,
46.33,1072,141,,,,,,
46.5,1073,142,,,,,,
46.67,1074,143,,,,,,
46.83,1075,144,,,,,,
47,1076,145,,,,,,
47.16,1077,146,,,,,,
47.41,1079,147,,,,,,
47.58,1080,148,,,,,,
47.74,1081,149,,,,,,
47.91,1082,150,,,,,,
48.07,1083,151,,,,,,
48.24,1084,152,,,,,,
48.41,1085,153,,,,,,
48.57,1086,154,,,,,,
48.74,1087,155,,,,,,
48.98,1089,156,,,,,,
49.14,1090,157,,,,,,
49.31,1091,158,,,,,,
49.47,1092,159,,,,,,
49.64,1093,160,,,,,,
49.8,1094,161,,,,,,
49.97,1095,162,,,,,,
50.13,1096,163,,,,,,
50.37,1098,164,,,,,,
50.54,1099,165,,,,,,
50.7,1100,166,,,,,,
50.87,1101,167,,,,,,
51.03,1102,168,,,,,,
51.19,1103,169,,,,,,
51.36,1104,170,,,,,,
51.52,1105,171,,,,,,
51.69,1106,172,,,,,,
51.85,1107,173,,,,,,
52.01,1108,174,,,,,,
52.18,1109,175,,,,,,
52.34,1110,176,,,,,,
52.5,1111,177,,,,,,
52.67,1112,178,,,,,,
52.83,1113,179,,,,,,
52.99,1114,180,,,,,,
53.15,1115,181,,,,,,
53.32,1116,182,,,,,,
53.48,1117,183,,,,,,
53.64,1118,184,,,,,,
53.8,1119,185,,,,,,
53.96,1120,186,,,,,,
54.13,1121,187,,,,,,
54.29,1122,188,,,,,,
54.45,1123,189,,,,,,
54.61,1124,190,,,,,,
54.77,1125,191,,,,,,
54.93,1126,192,,,,,,
55.09,1127,193,,,,,,
55.25,1128,194,,,,,,
55.41,1129,195,,,,,,
55.57,1130,196,,,,,,
55.73,1131,197,,,,,,
55.89,1132,198,,,,,,
56.05,1133,199,,,,,,
56.21,1134,200,,,,,,
56.37,1135,201,,,,,,
56.53,1136,202,,,,,,
56.69,1137,203,,,,,,
56.85,1138,204,,,,,,
57.01,1139,205,,,,,,
57.11,1139,206,,,,,,
57.26,1140,207,,,,,,
57.42,1141,208,,,,,,
57.58,1142,209,,,,,,
57.74,1143,210,,,,,,
57.9,1144,211,,,,,,
58.06,1145,212,,,,,,
58.21,1146,213,,,,,,
58.37,1147,214,,,,,,
58.53,1148,215,,,,,,
58.68,1149,216,,,,,,
58.94,1150,218,,,,,,
59.09,1151,219,,,,,,
59.25,1152,220,,,,,,
59.41,1153,221,,,,,,
59.56,1154,222,,,,,,
59.72,1155,223,,,,,,
59.87,1156,224,,,,,,
59.97,1156,225,,,,,,
60.13,1157,226,,,,,,
60.28,1158,227,,,,,,
60.44,1159,228,,,,,,
60.59,1160,229,,,,,,
60.75,1161,230,,,,,,
60.9,1162,231,,,,,,
61,1162,232,,,,,,
61.15,1163,233,,,,,,
61.31,1164,234,,,,,,
61.46,1165,235,,,,,,
61.62,1166,236,,,,,,
61.71,1166,237,,,,,,
61.87,1167,238,,,,,,
62.02,1168,239,,,,,,
62.17,1169,240,,,,,,
62.33,1170,241,,,,,,
62.48,1171,242,,,,,,
62.58,1171,243,,,,,,
62.73,1172,244,,,,,,
62.88,1173,245,,,,,,
63.03,1174,246,,,,,,
63.18,1175,247,,,,,,
63.33,1176,248,,,,,,
63.43,1176,249,,,,,,
63.59,1177,250,,,,,,
63.74,1178,251,,,,,,
63.89,1179,252,,,,,,
64.04,1180,253,,,,,,
64.14,1180,254,,,,,,
64.29,1181,255,,,,,,
64.44,1182,256,,,,,,
64.58,1183,257,,,,,,
64.73,1184,258,,,,,,
64.83,1184,259,,,,,,
64.98,1185,260,,,,,,
65.13,1186,261,,,,,,
65.28,1187,262,,,,,,
65.38,1187,263,,,,,,
65.53,1188,264,,,,,,
65.68,1189,265,,,,,,
65.82,1190,266,,,,,,
65.97,1191,267,,,,,,
66.07,1191,268,,,,,,
66.22,1192,269,,,,,,
66.36,1193,270,,,,,,
66.51,1194,271,,,,,,
66.61,1194,272,,,,,,
66.76,1195,273,,,,,,
66.9,1196,274,,,,,,
67.05,1197,275,,,,,,
67.15,1197,276,,,,,,
67.3,1198,277,,,,,,
67.44,1199,278,,,,,,
67.54,1199,279,,,,,,
67.69,1200,280,,,,,,
67.83,1201,281,,,,,,
67.97,1202,282,,,,,,
68.12,1203,283,,,,,,
68.22,1203,284,,,,,,
68.36,1204,285,,,,,,
68.5,1205,286,,,,,,
68.61,1205,287,,,,,,
68.75,1206,288,,,,,,
68.89,1207,289,,,,,,
68.99,1207,290,,,,,,
69.14,1208,291,,,,,,
69.28,1209,292,,,,,,
69.38,1209,293,,,,,,
69.52,1210,294,,,,,,
69.66,1211,295,,,,,,
69.8,1212,296,,,,,,
69.94,1213,297,,,,,,
70.04,1213,298,,,,,,
70.18,1214,299,,,,,,
70.32,1215,300,,,,,,
70.43,1215,301,,,,,,
70.57,1216,302,,,,,,
70.7,1217,303,,,,,,
70.81,1217,304,,,,,,
70.95,1218,305,,,,,,
71.08,1219,306,,,,,,
71.19,1219,307,,,,,,
71.32,1220,308,,,,,,
71.46,1221,309,,,,,,
71.57,1221,310,,,,,,
71.7,1222,311,,,,,,
71.84,1223,312,,,,,,
71.94,1223,313,,,,,,
72.08,1224,314,,,,,,
72.21,1225,315,,,,,,
72.35,1226,316,,,,,,
72.45,1226,317,,,,,,
72.59,1227,318,,,,,,
72.69,1227,319,,,,,,
72.83,1228,320,,,,,,
72.96,1229,321,,,,,,
73.06,1229,322,,,,,,
73.2,1230,323,,,,,,
73.33,1231,324,,,,,,
73.43,1231,325,,,,,,
73.57,1232,326,,,,,,
73.7,1233,327,,,,,,
73.8,1233,328,,,,,,
73.94,1234,329,,,,,,
74.07,1235,330,,,,,,
74.17,1235,331,,,,,,
74.3,1236,332,,,,,,
74.44,1237,333,,,,,,
74.54,1237,334,,,,,,
74.67,1238,335,,,,,,
74.77,1238,336,,,,,,
74.9,1240,337,,,,,,
75.03,1240,338,,,,,,
75.16,1241,339,,,,,,
75.29,1242,340,,,,,,
75.4,1242,341,,,,,,
75.53,1243,342,,,,,,
75.63,1243,343,,,,,,
75.76,1244,344,,,,,,
75.89,1245,345,,,,,,
75.99,1245,346,,,,,,
76.12,1246,347,,,,,,
76.25,1247,348,,,,,,
76.35,1247,349,,,,,,
76.48,1248,350,,,,,,
76.58,1248,351,,,,,,
76.71,1249,352,,,,,,
76.83,1250,353,,,,,,
76.93,1250,354,,,,,,
77.06,1251,355,,,,,,
77.16,1251,356,,,,,,
77.29,1252,357,,,,,,
77.41,1253,358,,,,,,
77.52,1253,359,,,,,,
77.64,1254,360,,,,,,
77.74,1254,361,,,,,,
77.87,1255,362,,,,,,
77.99,1256,363,,,,,,
78.1,1256,364,,,,,,
78.22,1257,365,,,,,,
78.32,1257,366,,,,,,
78.44,1258,367,,,,,,
78.57,1259,368,,,,,,
78.67,1259,369,,,,,,
78.77,1259,370,,,,,,
78.89,1260,371,,,,,,
79.02,1261,372,,,,,,
79.12,1261,373,,,,,,
79.24,1262,374,,,,,,
79.34,1262,375,,,,,,
79.46,1263,376,,,,,,
79.57,1263,377,,,,,,
79.69,1264,378,,,,,,
79.81,1265,379,,,,,,
79.91,1265,380,,,,,,
80.03,1266,381,,,,,,
80.13,1266,382,,,,,,
80.25,1267,383,,,,,,
80.35,1267,384,,,,,,
80.47,1268,385,,,,,,
80.59,1269,386,,,,,,
80.69,1269,387,,,,,,
80.81,1270,388,,,,,,
80.91,1270,389,,,,,,
81.03,1271,390,,,,,,
81.13,1271,391,,,,,,
81.25,1272,392,,,,,,
81.35,1272,393,,,,,,
81.46,1273,394,,,,,,
81.57,1273,395,,,,,,
81.68,1274,396,,,,,,
81.78,1274,397,,,,,,
81.9,1275,398,,,,,,
82.01,1276,399,,,,,,
82.12,1276,400,,,,,,
82.23,1277,401,,,,,,
82.45,1278,403,,,,,,
82.66,1279,405,,,,,,
82.87,1280,407,,,,,,
82.99,1281,408,,,,,,
83.2,1282,410,,,,,,
83.51,1283,413,,,,,,
83.73,1284,415,,,,,,
83.94,1285,417,,,,,,
84.05,1286,418,,,,,,
84.26,1287,420,,,,,,
84.47,1288,422,,,,,,
84.68,1289,424,,,,,,
84.89,1290,426,,,,,,
85.1,1291,428,,,,,,
85.3,1292,430,,,,,,
85.51,1293,432,,,,,,
85.72,1294,434,,,,,,
85.92,1295,436,,,,,,
86.23,1296,439,,,,,,
86.43,1297,441,,,,,,
86.63,1298,443,,,,,,
86.84,1299,445,,,,,,
87.04,1300,447,,,,,,
87.24,1301,449,,,,,,
87.34,1302,450,,,,,,
87.54,1303,452,,,,,,
87.74,1304,454,,,,,,
88.04,1305,457,,,,,,
88.24,1306,459,,,,,,
88.54,1307,462,,,,,,
88.73,1308,464,,,,,,
88.93,1309,466,,,,,,
89.13,1310,468,,,,,,
89.32,1311,470,,,,,,
89.52,1312,472,,,,,,
89.81,1313,475,,,,,,
90,1314,477,,,,,,
90.19,1315,479,,,,,,
90.48,1316,482,,,,,,
90.67,1317,484,,,,,,
90.96,1318,487,,,,,,
91.15,1319,489,,,,,,
91.34,1320,491,,,,,,
91.52,1321,493,,,,,,
91.71,1322,495,,,,,,
91.9,1323,497,,,,,,
92.18,1324,500,,,,,,
92.56,1325,504,,,,,,
92.74,1326,506,,,,,,
93.02,1327,509,,,,,,
93.2,1328,511,,,,,,
93.38,1329,513,,,,,,
93.56,1330,515,,,,,,
93.75,1331,517,,,,,,
94.02,1332,519,,,,,,
94.2,1333,522,,,,,,
94.56,1334,526,,,,,,
94.74,1335,528,,,,,,
95.01,1336,531,,,,,,
95.19,1337,533,,,,,,
95.45,1338,536,,,,,,
95.81,1339,540,,,,,,
95.98,1340,542,,,,,,
96.16,1341,544,,,,,,
96.33,1342,546,,,,,,
96.5,1343,548,,,,,,
96.85,1344,552,,,,,,
97.11,1345,555,,,,,,
97.28,1346,557,,,,,,
97.54,1347,560,,,,,,
97.89,1348,564,,,,,,
98.05,1349,566,,,,,,
98.31,1350,569,,,,,,
98.65,1351,573,,,,,,
98.81,1352,575,,,,,,
98.98,1353,577,,,,,,
99.32,1354,582,,,,,,
99.48,1355,584,,,,,,
99.73,1356,586,,,,,,
100.06,1357,590,,,,,,
100.3,1358,593,,,,,,
100.46,1359,595,,,,,,
100.88,1360,600,,,,,,
101.03,1361,602,,,,,,
101.36,1362,606,,,,,,
101.52,1363,608,,,,,,
101.84,1364,612,,,,,,
102.08,1365,615,,,,,,
102.23,1366,617,,,,,,
102.55,1367,621,,,,,,
102.78,1368,624,,,,,,
103.1,1369,628,,,,,,
103.41,1370,632,,,,,,
103.64,1371,635,,,,,,
104.04,1372,640,,,,,,
104.18,1373,642,,,,,,
104.49,1374,646,,,,,,
104.63,1375,648,,,,,,
104.94,1376,652,,,,,,
105.32,1377,657,,,,,,
105.46,1378,659,,,,,,
105.84,1379,664,,,,,,
106.22,1380,669,,,,,,
106.52,1381,673,,,,,,
106.73,1382,676,,,,,,
107.02,1383,680,,,,,,
107.31,1384,684,,,,,,
107.68,1385,689,,,,,,
107.81,1386,691,,,,,,
108.18,1387,696,,,,,,
108.46,1388,700,,,,,,
108.82,1389,705,,,,,,
109.1,1390,709,,,,,,
109.45,1391,714,,,,,,
109.65,1392,717,,,,,,
110.08,1393,723,,,,,,
110.43,1394,728,,,,,,
110.77,1395,733,,,,,,
111.04,1396,737,,,,,,
111.38,1397,742,,,,,,
111.64,1398,746,,,,,,
111.9,1399,750,,,,,,
112.24,1400,755,,,,,,
112.64,1401,761,,,,,,
113.11,1402,768,,,,,,
113.36,1403,772,,,,,,
113.61,1404,776,,,,,,
114.21,1405,785,,,,,,
114.66,1406,792,,,,,,
114.98,1407,797,,,,,,
115.42,1408,804,,,,,,
115.73,1409,809,,,,,,
115.96,1410,813,,,,,,
116.47,1411,821,,,,,,
116.9,1412,828,,,,,,
117.58,1413,839,,,,,,
118.06,1414,847,,,,,,
118.48,1415,854,,,,,,
118.95,1416,862,,,,,,
119.35,1417,869,,,,,,
120,1418,880,,,,,,
120.64,1419,891,,,,,,
121.38,1420,904,,,,,,
122.17,1421,918,,,,,,
122.95,1422,932,,,,,,
123.82,1423,948,,,,,,
125.28,1424,975,,,,,,
129.25,1425,1053,,,,,,
130.67,1424,1082,,,,,,
131.32,1423,1095,,,,,,
131.95,1422,1108,,,,,,
132.62,1421,1122,,,,,,
133.4,1420,1140,,,,,,
134,1419,1152,,,,,,
134.5,1418,1163,,,,,,
135.04,1417,1175,,,,,,
135.37,1416,1182,,,,,,
135.73,1415,1190,,,,,,
136.13,1414,1200,,,,,,
136.49,1413,1207,,,,,,
136.88,1412,1216,,,,,,
137.12,1411,1221,,,,,,
137.46,1410,1229,,,,,,
137.69,1409,1234,,,,,,
137.96,1408,1240,,,,,,
138.19,1407,1245,,,,,,
138.45,1406,1251,,,,,,
138.67,1405,1256,,,,,,
138.93,1404,1262,,,,,,
139.19,1403,1268,,,,,,
139.48,1402,1275,,,,,,
139.77,1401,1282,,,,,,
139.99,1400,1298,,,,,,
140.24,1399,1293,,,,,,
140.48,1298,1299,,,,,,
140.7,1397,1304,,,,,,
140.84,1396,1307,,,,,,
141.05,1395,1312,,,,,,
141.26,1394,1317,,,,,,
141.43,1393,1321,,,,,,
141.64,1392,1326,,,,,,
141.81,1391,1330,,,,,,
141.98,1390,1334,,,,,,
142.18,1389,1339,,,,,,
142.35,1388,1343,,,,,,
142.56,1387,1348,,,,,,
142.69,1386,1341,,,,,,
142.89,1385,1356,,,,,,
143.03,1384,1359,,,,,,
143.25,1383,1365,,,,,,
143.39,1382,1368,,,,,,
143.61,1381,1374,,,,,,
143.75,1380,1377,,,,,,
143.94,1380,1382,,,,,,
144.07,1378,1385,,,,,,
144.2,1377,1388,,,,,,
144.39,1376,1393,,,,,,
144.52,1375,1395,,,,,,
144.62,1374,1398,,,,,,
144.81,1373,1403,,,,,,
144.97,1372,1407,,,,,,
145.09,1371,1410,,,,,,
145.22,1370,1413,,,,,,
145.38,1369,1417,,,,,,
145.5,1368,1420,,,,,,
145.66,1367,1424,,,,,,
145.76,1366,1426,,,,,,
145.91,1365,1430,,,,,,
146.06,1364,1434,,,,,,
146.16,1363,1436,,,,,,
146.28,1362,1439,,,,,,
146.38,1361,1441,,,,,,
146.56,1360,1446,,,,,,
146.73,1359,1451,,,,,,
146.83,1358,1453,,,,,,
146.92,1357,1456,,,,,,
147.04,1356,1458,,,,,,
147.16,1355,1461,,,,,,
147.26,1354,1463,,,,,,
147.43,1353,1468,,,,,,
147.55,1352,1471,,,,,,
147.67,1351,1474,,,,,,
147.76,1350,1476,,,,,,
147.88,1349,1479,,,,,,
148.83,1340,1502,,,,,,
149,1339,1507,,,,,,
149.13,1338,1511,,,,,,
150.05,1329,1534,,,,,,
150.12,1328,1535,,,,,,
151.71,1311,1575,,,,,,
151.77,1310,1576,,,,,,
152.56,1301,1596,,,,,,
152.62,1300,1597,,,,,,
153.15,1294,1611,,,,,,
153.19,1293,1611,,,,,,
153.72,1286,1625,,,,,,
154.19,1281,1637,,,,,,
154.62,1275,1647,,,,,,
155.01,1270,1657,,,,,,
155.43,1264,1666,,,,,,
155.74,1260,1675,,,,,,
156.08,1255,1683,,,,,,
156.36,1251,1690,,,,,,
156.69,1246,1698,,,,,,
156.94,1242,1703,,,,,,
157.27,1237,1711,,,,,,
157.47,1234,1716,,,,,,
157.71,1230,1722,,,,,,
158.03,1225,1729,,,,,,
158.23,1222,1734,,,,,,
158.47,1218,1739,,,,,,
159.11,1207,1753,,,,,,
159.78,1196,1769,,,,,,
160.12,1190,1777,,,,,,
160.67,1180,1788,,,,,,
161.32,1168,1802,,,,,,
161.69,1161,1810,,,,,,
162.69,1142,1831,,,,,,
163.69,1122,1851,,,,,,
164.71,1101,1871,,,,,,
164.9,1097,1874,,,,,,
165.54,1083,1885,,,,,,
166.05,1072,1894,,,,,,
166.38,1065,1901,,,,,,
166.51,1062,1903,,,,,,
166.73,1057,1906,,,,,,
166.87,1054,1909,,,,,,
167.09,1049,1912,,,,,,
167.26,1045,1915,,,,,,
167.44,1041,1918,,,,,,
167.62,1037,1921,,,,,,
167.83,1032,1924,,,,,,
168.05,1027,1927,,,,,,
168.26,1022,1930,,,,,,
168.43,1018,1933,,,,,,
168.64,1013,1936,,,,,,
168.86,1008,1939,,,,,,
169.07,1003,1942,,,,,,
169.28,998,1945,,,,,,
169.46,994,1949,,,,,,
169.66,989,1952,,,,,,
169.91,983,1955,,,,,,
170.12,978,1958,,,,,,
170.4,971,1961,,,,,,
170.68,964,1964,,,,,,
170.89,959,1967,,,,,,
171.14,953,1971,,,,,,
171.41,946,1974,,,,,,
171.73,938,1977,,,,,,
172.01,931,1980,,,,,,
172.33,923,1984,,,,,,
172.6,916,1987,,,,,,
172.92,908,1990,,,,,,
173.34,897,1993,,,,,,
173.65,889,1996,,,,,,
174.04,879,2000,,,,,,
174.5,867,2003,,,,,,
174.95,855,2006,,,,,,
175.48,841,2009,,,,,,
176.09,825,2013,,,,,,
176.8,806,2016,,,,,,
177.92,776,2019,,,,,,
180,720,2023,,,,,,
182.08,664,2019,,,,,,
183.2,634,2016,,,,,,
183.91,615,2013,,,,,,
184.52,599,2009,,,,,,
185.05,585,2006,,,,,,
185.5,573,2003,,,,,,
185.96,561,2000,,,,,,
186.35,551,1996,,,,,,
186.66,543,1993,,,,,,
187.08,532,1990,,,,,,
187.4,524,1987,,,,,,
187.67,517,1984,,,,,,
187.99,509,1980,,,,,,
188.27,502,1977,,,,,,
188.59,494,1974,,,,,,
188.86,487,1971,,,,,,
189.11,481,1967,,,,,,
189.32,476,1964,,,,,,
189.6,469,1961,,,,,,
189.88,462,1958,,,,,,
190.09,457,1955,,,,,,
190.34,451,1952,,,,,,
190.54,446,1949,,,,,,
190.72,442,1945,,,,,,
190.93,437,1942,,,,,,
191.14,432,1939,,,,,,
191.36,427,1936,,,,,,
191.57,422,1933,,,,,,
191.74,418,1930,,,,,,
191.95,413,1927,,,,,,
192.17,408,1924,,,,,,
192.38,403,1921,,,,,,
192.56,399,1918,,,,,,
192.74,395,1915,,,,,,
192.91,391,1912,,,,,,
193.13,386,1909,,,,,,
193.27,383,1906,,,,,,
193.49,378,1903,,,,,,
193.62,375,1901,,,,,,
193.95,368,1894,,,,,,
194.46,357,1885,,,,,,
195.1,343,1874,,,,,,
195.29,339,1871,,,,,,
196.31,318,1851,,,,,,
197.31,298,1831,,,,,,
198.31,279,1810,,,,,,
198.68,272,1802,,,,,,
199.33,260,1788,,,,,,
199.88,250,1777,,,,,,
200.22,244,1769,,,,,,
200.89,233,1753,,,,,,
201.53,222,1739,,,,,,
201.77,218,1734,,,,,,
201.97,215,1729,,,,,,
202.29,210,1722,,,,,,
202.53,206,1716,,,,,,
202.73,203,1711,,,,,,
203.06,198,1703,,,,,,
203.31,194,1698,,,,,,
203.64,189,1690,,,,,,
203.92,185,1683,,,,,,
204.26,180,1675,,,,,,
204.57,176,1666,,,,,,
204.99,170,1657,,,,,,
205.38,165,1647,,,,,,
205.81,159,1637,,,,,,
206.28,154,1625,,,,,,
206.81,146,1611,,,,,,
206.85,147,1611,,,,,,
207.38,140,1597,,,,,,
207.44,139,1596,,,,,,
208.23,130,1576,,,,,,
208.29,129,1575,,,,,,
209.88,112,1535,,,,,,
209.95,111,1534,,,,,,
210.87,102,1511,,,,,,
211,101,1507,,,,,,
211.17,100,1502,,,,,,
212.12,91,1479,,,,,,
212.24,90,1476,,,,,,
212.33,89,1474,,,,,,
212.45,88,1471,,,,,,
212.57,87,1468,,,,,,
212.74,86,1463,,,,,,
212.84,85,1461,,,,,,
212.96,84,1458,,,,,,
213.08,83,1456,,,,,,
213.17,82,1453,,,,,,
213.27,81,1451,,,,,,
213.44,80,1446,,,,,,
213.62,79,1441,,,,,,
213.72,78,1439,,,,,,
213.84,77,1436,,,,,,
213.94,76,1434,,,,,,
214.09,75,1430,,,,,,
214.24,74,1426,,,,,,
214.34,73,1424,,,,,,
214.5,72,1420,,,,,,
214.62,71,1417,,,,,,
214.78,70,1413,,,,,,
214.91,69,1410,,,,,,
215.03,68,1407,,,,,,
215.19,67,1403,,,,,,
215.38,66,1398,,,,,,
215.48,65,1395,,,,,,
215.61,64,1393,,,,,,
215.8,63,1388,,,,,,
215.93,62,1385,,,,,,
216.06,60,1382,,,,,,
216.25,60,1377,,,,,,
216.39,59,1374,,,,,,
216.61,58,1368,,,,,,
216.75,57,1365,,,,,,
216.97,56,1359,,,,,,
217.11,55,1356,,,,,,
217.31,53,1348,,,,,,
217.44,52,1343,,,,,,
217.65,54,1341,,,,,,
217.82,51,1339,,,,,,
218.02,50,1334,,,,,,
218.19,49,1330,,,,,,
218.36,48,1326,,,,,,
218.57,47,1321,,,,,,
218.74,46,1317,,,,,,
218.95,45,1312,,,,,,
219.16,44,1307,,,,,,
219.3,43,1304,,,,,,
219.52,142,1299,,,,,,
219.76,40,1298,,,,,,
220.01,41,1293,,,,,,
220.23,39,1282,,,,,,
220.52,38,1275,,,,,,
220.81,37,1268,,,,,,
221.07,36,1262,,,,,,
221.33,35,1256,,,,,,
221.55,34,1251,,,,,,
221.81,33,1245,,,,,,
222.04,32,1240,,,,,,
222.31,31,1234,,,,,,
222.54,30,1229,,,,,,
222.88,29,1221,,,,,,
223.12,28,1216,,,,,,
223.51,27,1207,,,,,,
223.87,26,1200,,,,,,
224.27,25,1190,,,,,,
224.63,24,1182,,,,,,
224.96,23,1175,,,,,,
225.5,22,1163,,,,,,
226,21,1152,,,,,,
226.6,20,1140,,,,,,
227.38,19,1122,,,,,,
228.05,18,1108,,,,,,
228.68,17,1095,,,,,,
229.33,16,1082,,,,,,
230.75,15,1053,,,,,,
234.72,16,975,,,,,,
236.18,17,948,,,,,,
237.05,18,932,,,,,,
237.83,19,918,,,,,,
238.62,20,904,,,,,,
239.36,21,891,,,,,,
240,22,880,,,,,,
240.65,23,869,,,,,,
241.05,24,862,,,,,,
241.52,25,854,,,,,,
241.94,26,847,,,,,,
242.42,27,839,,,,,,
243.1,28,828,,,,,,
243.53,29,821,,,,,,
244.04,30,813,,,,,,
244.27,31,809,,,,,,
244.58,32,804,,,,,,
245.02,33,797,,,,,,
245.34,34,792,,,,,,
245.79,35,785,,,,,,
246.39,36,776,,,,,,
246.64,37,772,,,,,,
246.89,38,768,,,,,,
247.36,39,761,,,,,,
247.76,40,755,,,,,,
248.1,41,750,,,,,,
248.36,42,746,,,,,,
248.62,43,742,,,,,,
248.96,44,737,,,,,,
249.23,45,733,,,,,,
249.57,46,728,,,,,,
249.92,47,723,,,,,,
250.35,48,717,,,,,,
250.55,49,714,,,,,,
250.9,50,709,,,,,,
251.18,51,705,,,,,,
251.54,52,700,,,,,,
251.82,53,696,,,,,,
252.19,54,691,,,,,,
252.32,55,689,,,,,,
252.69,56,684,,,,,,
252.98,57,680,,,,,,
253.27,58,676,,,,,,
253.48,59,673,,,,,,
253.78,60,669,,,,,,
254.16,61,664,,,,,,
254.54,62,659,,,,,,
254.68,63,657,,,,,,
255.06,64,652,,,,,,
255.37,65,648,,,,,,
255.51,66,646,,,,,,
255.82,67,642,,,,,,
255.96,68,640,,,,,,
256.36,69,635,,,,,,
256.59,70,632,,,,,,
256.9,71,628,,,,,,
257.22,72,624,,,,,,
257.45,73,621,,,,,,
257.77,74,617,,,,,,
257.92,75,615,,,,,,
258.16,76,612,,,,,,
258.48,77,608,,,,,,
258.64,78,606,,,,,,
258.97,79,602,,,,,,
259.12,80,600,,,,,,
259.54,81,595,,,,,,
259.7,82,593,,,,,,
259.94,83,590,,,,,,
260.27,84,586,,,,,,
260.52,85,584,,,,,,
260.68,86,582,,,,,,
261.02,87,577,,,,,,
261.19,88,575,,,,,,
261.35,89,573,,,,,,
261.69,90,569,,,,,,
261.95,91,566,,,,,,
262.11,92,564,,,,,,
262.46,93,560,,,,,,
262.72,94,557,,,,,,
262.89,95,555,,,,,,
263.15,96,552,,,,,,
263.5,97,548,,,,,,
263.67,98,546,,,,,,
263.84,99,544,,,,,,
264.02,100,542,,,,,,
264.19,101,540,,,,,,
264.55,102,536,,,,,,
264.81,103,533,,,,,,
264.99,104,531,,,,,,
265.26,105,528,,,,,,
265.44,106,526,,,,,,
265.8,107,522,,,,,,
265.98,108,519,,,,,,
266.25,109,517,,,,,,
266.44,110,515,,,,,,
266.62,111,513,,,,,,
266.8,112,511,,,,,,
266.98,113,509,,,,,,
267.26,114,506,,,,,,
267.44,115,504,,,,,,
267.82,116,500,,,,,,
268.1,117,497,,,,,,
268.29,118,495,,,,,,
268.48,119,493,,,,,,
268.66,120,491,,,,,,
268.85,121,489,,,,,,
269.04,122,487,,,,,,
269.33,123,484,,,,,,
269.52,124,482,,,,,,
269.81,125,479,,,,,,
270,126,477,,,,,,
270.19,127,475,,,,,,
270.48,128,472,,,,,,
270.68,129,470,,,,,,
270.87,130,468,,,,,,
271.07,131,466,,,,,,
271.27,132,464,,,,,,
271.46,133,462,,,,,,
271.76,134,459,,,,,,
271.96,135,457,,,,,,
272.26,136,454,,,,,,
272.46,137,452,,,,,,
272.66,138,450,,,,,,
272.76,139,449,,,,,,
272.96,140,447,,,,,,
273.16,141,445,,,,,,
273.37,142,443,,,,,,
273.57,143,441,,,,,,
273.77,144,439,,,,,,
274.08,145,436,,,,,,
274.28,146,434,,,,,,
274.49,147,432,,,,,,
274.7,148,430,,,,,,
274.9,149,428,,,,,,
275.11,150,426,,,,,,
275.32,151,424,,,,,,
275.53,152,422,,,,,,
275.74,153,420,,,,,,
275.95,154,418,,,,,,
276.06,155,417,,,,,,
276.27,156,415,,,,,,
276.49,157,413,,,,,,
276.8,158,410,,,,,,
277.01,159,408,,,,,,
277.13,160,407,,,,,,
277.34,161,405,,,,,,
277.55,162,403,,,,,,
277.77,163,401,,,,,,
277.88,164,400,,,,,,
277.99,164,399,,,,,,
278.1,165,398,,,,,,
278.22,166,397,,,,,,
278.32,166,396,,,,,,
278.43,167,395,,,,,,
278.54,167,394,,,,,,
278.65,168,393,,,,,,
278.75,168,392,,,,,,
278.87,169,391,,,,,,
278.97,169,390,,,,,,
279.09,170,389,,,,,,
279.19,170,388,,,,,,
279.31,171,387,,,,,,
279.41,171,386,,,,,,
279.53,172,385,,,,,,
279.65,173,384,,,,,,
279.75,173,383,,,,,,
279.87,174,382,,,,,,
279.97,174,381,,,,,,
280.09,175,380,,,,,,
280.19,175,379,,,,,,
280.31,176,378,,,,,,
280.43,177,377,,,,,,
280.54,177,376,,,,,,
280.66,178,375,,,,,,
280.76,178,374,,,,,,
280.88,179,373,,,,,,
280.98,179,372,,,,,,
281.11,180,371,,,,,,
281.23,181,370,,,,,,
281.33,181,369,,,,,,
281.43,181,368,,,,,,
281.56,182,367,,,,,,
281.68,183,366,,,,,,
281.78,183,365,,,,,,
281.9,184,364,,,,,,
282.01,184,363,,,,,,
282.13,185,362,,,,,,
282.26,186,361,,,,,,
282.36,186,360,,,,,,
282.48,187,359,,,,,,
282.59,187,358,,,,,,
282.71,188,357,,,,,,
282.84,189,356,,,,,,
282.94,189,355,,,,,,
283.07,190,354,,,,,,
283.17,190,353,,,,,,
283.29,191,352,,,,,,
283.42,192,351,,,,,,
283.52,192,350,,,,,,
283.65,193,349,,,,,,
283.75,193,348,,,,,,
283.88,194,347,,,,,,
284.01,195,346,,,,,,
284.11,195,345,,,,,,
284.24,196,344,,,,,,
284.37,197,343,,,,,,
284.47,197,342,,,,,,
284.6,198,341,,,,,,
284.71,198,340,,,,,,
284.84,199,339,,,,,,
284.97,200,338,,,,,,
285.1,200,337,,,,,,
285.23,202,336,,,,,,
285.33,202,335,,,,,,
285.46,203,334,,,,,,
285.56,203,333,,,,,,
285.7,204,332,,,,,,
285.83,205,331,,,,,,
285.93,205,330,,,,,,
286.06,206,329,,,,,,
286.2,207,328,,,,,,
286.3,207,327,,,,,,
286.43,208,326,,,,,,
286.57,209,325,,,,,,
286.67,209,324,,,,,,
286.8,210,323,,,,,,
286.94,211,322,,,,,,
287.04,211,321,,,,,,
287.17,212,320,,,,,,
287.31,213,319,,,,,,
287.41,213,318,,,,,,
287.55,214,317,,,,,,
287.65,214,316,,,,,,
287.79,215,315,,,,,,
287.92,216,314,,,,,,
288.06,217,313,,,,,,
288.16,217,312,,,,,,
288.3,218,311,,,,,,
288.43,219,310,,,,,,
288.54,219,309,,,,,,
288.68,220,308,,,,,,
288.81,221,307,,,,,,
288.92,221,306,,,,,,
289.05,222,305,,,,,,
289.19,223,304,,,,,,
289.3,223,303,,,,,,
289.43,224,302,,,,,,
289.57,225,301,,,,,,
289.68,225,300,,,,,,
289.82,226,299,,,,,,
289.96,227,298,,,,,,
290.06,227,297,,,,,,
290.2,228,296,,,,,,
290.34,229,295,,,,,,
290.48,230,294,,,,,,
290.62,231,293,,,,,,
290.72,231,292,,,,,,
290.86,232,291,,,,,,
291.01,233,290,,,,,,
291.11,233,289,,,,,,
291.25,234,288,,,,,,
291.39,235,287,,,,,,
291.5,235,286,,,,,,
291.64,236,285,,,,,,
291.78,237,284,,,,,,
291.88,237,283,,,,,,
292.03,238,282,,,,,,
292.17,239,281,,,,,,
292.31,240,280,,,,,,
292.46,241,279,,,,,,
292.56,241,278,,,,,,
292.7,242,277,,,,,,
292.85,243,276,,,,,,
292.95,243,275,,,,,,
293.1,244,274,,,,,,
293.24,245,273,,,,,,
293.39,246,272,,,,,,
293.49,246,271,,,,,,
293.64,247,270,,,,,,
293.78,248,269,,,,,,
293.93,249,268,,,,,,
294.03,249,267,,,,,,
294.18,250,266,,,,,,
294.32,251,265,,,,,,
294.47,252,264,,,,,,
294.62,253,263,,,,,,
294.72,253,262,,,,,,
294.87,254,261,,,,,,
295.02,255,260,,,,,,
295.17,256,259,,,,,,
295.27,256,258,,,,,,
295.42,257,257,,,,,,
295.56,258,256,,,,,,
295.71,259,255,,,,,,
295.86,260,254,,,,,,
295.96,260,253,,,,,,
296.11,261,252,,,,,,
296.26,262,251,,,,,,
296.41,263,250,,,,,,
296.57,264,249,,,,,,
296.67,264,248,,,,,,
296.82,265,247,,,,,,
296.97,266,246,,,,,,
297.12,267,245,,,,,,
297.27,268,244,,,,,,
297.42,269,243,,,,,,
297.52,269,242,,,,,,
297.67,270,241,,,,,,
297.83,271,240,,,,,,
297.98,272,239,,,,,,
298.13,273,238,,,,,,
298.29,274,237,,,,,,
298.38,274,236,,,,,,
298.54,275,235,,,,,,
298.69,276,234,,,,,,
298.85,277,233,,,,,,
299,278,232,,,,,,
299.1,278,231,,,,,,
299.25,279,230,,,,,,
299.41,280,229,,,,,,
299.56,281,228,,,,,,
299.72,282,227,,,,,,
299.87,283,226,,,,,,
300.03,284,225,,,,,,
300.13,284,224,,,,,,
300.28,285,223,,,,,,
300.44,286,222,,,,,,
300.59,287,221,,,,,,
300.75,288,220,,,,,,
300.91,289,219,,,,,,
301.06,290,218,,,,,,
301.32,291,216,,,,,,
301.47,292,215,,,,,,
301.63,293,214,,,,,,
301.79,294,213,,,,,,
301.94,295,212,,,,,,
302.1,296,211,,,,,,
302.26,297,210,,,,,,
302.42,298,209,,,,,,
302.58,299,208,,,,,,
302.74,300,207,,,,,,
302.89,301,206,,,,,,
302.99,301,205,,,,,,
303.15,302,204,,,,,,
303.31,303,203,,,,,,
303.47,304,202,,,,,,
303.63,305,201,,,,,,
303.79,306,200,,,,,,
303.95,307,199,,,,,,
304.11,308,198,,,,,,
304.27,309,197,,,,,,
304.43,310,196,,,,,,
304.59,311,195,,,,,,
304.75,312,194,,,,,,
304.91,313,193,,,,,,
305.07,314,192,,,,,,
305.23,315,191,,,,,,
305.39,316,190,,,,,,
305.55,317,189,,,,,,
305.71,318,188,,,,,,
305.87,319,187,,,,,,
306.04,320,186,,,,,,
306.2,321,185,,,,,,
306.36,322,184,,,,,,
306.52,323,183,,,,,,
306.68,324,182,,,,,,
306.85,325,181,,,,,,
307.01,326,180,,,,,,
307.17,327,179,,,,,,
307.33,328,178,,,,,,
307.5,329,177,,,,,,
307.66,330,176,,,,,,
307.82,331,175,,,,,,
307.99,332,174,,,,,,
308.15,333,173,,,,,,
308.31,334,172,,,,,,
308.48,335,171,,,,,,
308.64,336,170,,,,,,
308.81,337,169,,,,,,
308.97,338,168,,,,,,
309.13,339,167,,,,,,
309.3,340,166,,,,,,
309.46,341,165,,,,,,
309.63,342,164,,,,,,
309.87,344,163,,,,,,
310.03,345,162,,,,,,
310.2,346,161,,,,,,
310.36,347,160,,,,,,
310.53,348,159,,,,,,
310.69,349,158,,,,,,
310.86,350,157,,,,,,
311.02,351,156,,,,,,
311.26,353,155,,,,,,
311.43,354,154,,,,,,
311.59,355,153,,,,,,
311.76,356,152,,,,,,
311.93,357,151,,,,,,
312.09,358,150,,,,,,
312.26,359,149,,,,,,
312.42,360,148,,,,,,
312.59,361,147,,,,,,
312.84,363,146,,,,,,
313,364,145,,,,,,
313.17,365,144,,,,,,
313.33,366,143,,,,,,
313.5,367,142,,,,,,
313.67,368,141,,,,,,
313.92,370,140,,,,,,
314.08,371,139,,,,,,
314.25,372,138,,,,,,
314.42,373,137,,,,,,
314.67,375,136,,,,,,
314.83,376,135,,,,,,
315,377,134,,,,,,
315.17,378,133,,,,,,
315.33,379,132,,,,,,
315.59,381,131,,,,,,
315.75,382,130,,,,,,
315.92,383,129,,,,,,
316.09,384,128,,,,,,
316.34,386,127,,,,,,
316.51,387,126,,,,,,
316.67,388,125,,,,,,
316.84,389,124,,,,,,
317.1,391,123,,,,,,
317.26,392,122,,,,,,
317.43,393,121,,,,,,
317.69,395,120,,,,,,
317.85,396,119,,,,,,
318.02,397,118,,,,,,
318.28,399,117,,,,,,
318.45,400,116,,,,,,
318.61,401,115,,,,,,
318.87,403,114,,,,,,
319.04,404,113,,,,,,
319.3,406,112,,,,,,
319.46,407,111,,,,,,
319.63,408,110,,,,,,
319.89,410,109,,,,,,
320.06,411,108,,,,,,
320.22,412,107,,,,,,
320.48,414,106,,,,,,
320.65,415,105,,,,,,
320.82,416,104,,,,,,
321.08,418,103,,,,,,
321.25,419,102,,,,,,
321.51,421,101,,,,,,
321.68,422,100,,,,,,
321.94,424,99,,,,,,
322.1,425,98,,,,,,
322.37,427,97,,,,,,
322.53,428,96,,,,,,
322.8,430,95,,,,,,
322.96,431,94,,,,,,
323.23,433,93,,,,,,
323.39,434,92,,,,,,
323.66,436,91,,,,,,
323.82,437,90,,,,,,
324.09,439,89,,,,,,
324.25,440,88,,,,,,
324.52,442,87,,,,,,
324.78,444,86,,,,,,
324.95,445,85,,,,,,
325.21,447,84,,,,,,
325.38,448,83,,,,,,
325.65,450,82,,,,,,
325.81,451,81,,,,,,
326.08,453,80,,,,,,
326.34,455,79,,,,,,
326.61,457,78,,,,,,
326.78,458,77,,,,,,
327.04,460,76,,,,,,
327.31,462,75,,,,,,
327.47,463,74,,,,,,
327.74,465,73,,,,,,
328.01,467,72,,,,,,
328.27,470,70,,,,,,
328.44,469,70,,,,,,
328.71,472,69,,,,,,
328.97,474,68,,,,,,
329.24,476,67,,,,,,
329.51,478,66,,,,,,
329.78,480,65,,,,,,
330.05,482,64,,,,,,
330.21,1383,63,,,,,,
330.48,485,62,,,,,,
330.75,487,61,,,,,,
331.02,489,60,,,,,,
331.28,491,59,,,,,,
331.55,493,58,,,,,,
331.82,495,57,,,,,,
332.09,497,56,,,,,,
332.36,499,55,,,,,,
332.63,501,54,,,,,,
332.9,503,53,,,,,,
333.17,505,52,,,,,,
333.43,507,51,,,,,,
333.81,510,50,,,,,,
334.08,512,49,,,,,,
334.35,514,48,,,,,,
334.62,516,47,,,,,,
334.89,518,46,,,,,,
335.27,521,45,,,,,,
335.54,523,44,,,,,,
335.81,525,43,,,,,,
336.07,527,42,,,,,,
336.45,530,41,,,,,,
336.72,532,40,,,,,,
337.1,535,39,,,,,,
337.37,537,38,,,,,,
337.75,540,37,,,,,,
338.02,542,36,,,,,,
338.4,545,35,,,,,,
338.67,547,34,,,,,,
339.05,550,33,,,,,,
339.43,553,32,,,,,,
339.7,555,31,,,,,,
340.08,558,30,,,,,,
340.46,561,29,,,,,,
340.84,564,28,,,,,,
341.22,567,27,,,,,,
341.6,570,26,,,,,,
341.98,573,25,,,,,,
342.48,577,24,,,,,,
342.86,580,23,,,,,,
343.24,583,22,,,,,,
343.62,586,21,,,,,,
344.12,590,20,,,,,,
344.62,594,19,,,,,,
345,597,18,,,,,,
345.5,601,17,,,,,,
345.99,605,16,,,,,,
346.49,609,15,,,,,,
346.99,613,14,,,,,,
347.48,617,13,,,,,,
348.1,622,12,,,,,,
348.81,627,11,,,,,,
349.33,632,10,,,,,,
349.94,637,9,,,,,,
350.68,643,8,,,,,,
351.29,648,7,,,,,,
352.14,655,6,,,,,,
353.11,663,5,,,,,,
353.97,670,4,,,,,,
355.3,681,3,,,,,,
356.87,694,2,,,,,,
